name,age,street,city,state,zip,lng,lat
Jessica Guerrero,69,38437 Joseph Estate Apt. 147,Lloydhaven,Virginia,16412,65.309212,-81.1776915
Claudia Dillon,62,216 Ashley Point,Port Summerton,Nebraska,84698,-143.618276,49.295076
Johnny Kaufman,66,14617 Rose Crest Suite 164,North Valerie,Rhode Island,35906,-43.754207,34.7711105
Vincent Gardner,43,716 Kelly Grove Apt. 703,West Davidview,Mississippi,16883,18.359237,33.3838915
Emily Elliott,19,195 Mcneil Keys Suite 322,South Dawn,South Dakota,88374,-133.721552,82.170513
Melissa Sweeney,69,2355 Chelsea Expressway Apt. 363,North Courtney,Virginia,43113,-133.552653,40.572811
Matthew Diaz,42,0968 Erin Viaduct,South Devinton,Nebraska,21130,164.132185,85.0119225
Barbara Irwin,77,866 Martin Tunnel,Port David,New Hampshire,15005,-32.598016,-85.985242
Jessica Hale,76,9184 Charles Ports Suite 271,Howardville,Ohio,30862,21.630322,54.740851
Joshua Harrison,23,6370 Samantha Rapids Apt. 491,Angelaport,Kansas,39448,-139.696908,-11.2752535
Mr. Matthew Howe PhD,18,969 Justin Crossroad,Grantshire,Rhode Island,62968,-124.167489,68.463008
David Taylor,62,696 Sandra Hill,South Benjamin,Hawaii,59376,-146.597066,-86.908051
Ariel Schroeder,75,767 Robertson Ports Suite 954,Brownton,Nevada,54342,156.949446,-2.5589285
Daniel Black,47,8093 David Mills,New Courtney,Connecticut,46341,91.282026,23.536387
Dana Mitchell,64,511 King Springs Apt. 584,Masonshire,Alabama,39620,10.837972,-26.0815155
Ricky Lang,76,46059 Sean Hill Suite 934,Nelsonborough,Rhode Island,31028,53.244110,6.3206245
Lawrence Gomez,43,326 Melissa Haven,Melissabury,North Dakota,42792,-8.084132,-57.9904525
Marc Bell,27,62252 Wise Road,Sanchezmouth,Nebraska,67373,167.613047,2.7807135
Emily Johnson,35,73494 Wallace Shoal Apt. 235,Mooreville,Iowa,00976,75.282834,11.8767025
Morgan Williams,31,9506 Brandon Motorway Apt. 251,North Donnaborough,Tennessee,65588,126.930896,84.305982
Carla Green,24,5642 Jones Tunnel Suite 399,Lake Briannahaven,Minnesota,14625,-83.208566,-66.810620
Joyce Carter,30,382 Christopher Trafficway Apt. 452,Timothymouth,Rhode Island,49470,-79.254825,-84.3234525
Carla Chavez,54,1365 Cobb Inlet,Lake Sarah,New Mexico,72120,-134.594392,50.337999
Lori Lawrence,64,24079 Lewis Forest,Thomasborough,Nebraska,46560,35.152006,55.3636805
Melissa Lee,19,841 Williams Terrace Suite 122,South Benjaminborough,North Dakota,78630,41.572771,-24.542178
Bryan Davis,21,874 Kevin Squares Suite 479,Thomasshire,Utah,39181,-146.421578,-79.3018705
Thomas Flores,62,4900 Lloyd Crest Suite 698,Castilloborough,Delaware,84779,-87.497235,58.5536615
Gail Bailey,47,892 Wilson Stravenue Apt. 438,Richardmouth,Missouri,93460,-67.327073,-34.857377
Terri Becker,50,416 Santos Island Suite 782,Floresstad,New Mexico,75043,176.954372,-47.7880055
Natasha Robinson,54,587 Bernard Meadows,Robertton,Kansas,73034,1.681136,-79.619894
Lisa Hamilton,31,5568 Berg Manors Suite 726,Erictown,Alabama,11349,91.074940,-41.438339
Michele Butler,46,8202 Bruce Rapid,Lake Janice,Minnesota,81295,66.226500,89.066628
Franklin Barrett,78,9525 Rebecca Passage,Travisport,Oklahoma,68782,11.689467,56.670375
Brett Fletcher,19,6743 Shirley Manors Suite 891,Brianfort,South Carolina,84743,-65.100285,77.1179615
Thomas Mccall,39,879 Emily Brooks,Casetown,Connecticut,05955,133.361535,31.740307
Christine Ruiz,24,2843 Gabriel Mount,Victoriaberg,Wyoming,54113,99.240670,-75.7944055
Colin Gomez,58,4290 Frederick Ranch,West William,Tennessee,06095,39.049661,-40.771899
Whitney Lopez,24,914 Ryan Ford Suite 464,Kellymouth,Alabama,69570,144.566197,-68.5573475
Linda Delgado,30,858 Travis Well,Lindamouth,Louisiana,24526,-72.138417,-1.4547445
Caitlin Johnson,47,293 Hill Extension Apt. 891,West Craig,North Dakota,30292,-144.952310,-68.360315
James Fisher,48,680 Michael Ville Apt. 031,Royfurt,Arizona,32593,160.835851,-30.1065065
Alfred Bray,79,68681 Jillian Fork Suite 555,Williammouth,Montana,46200,-141.267238,-78.9692055
Jerome Lambert,71,5914 Goodwin Lakes Suite 546,Hartmanmouth,Kansas,92921,109.807623,63.169947
Joel Gregory,28,2882 Green Loaf,North Aaronmouth,Utah,21888,153.461270,24.771115
Richard Kramer,22,41314 Hunter Course,West Marychester,Washington,92212,-138.298285,31.6444625
Keith King,45,09058 Foster Crescent Suite 918,Karlaton,Kentucky,77355,-70.473436,72.455346
Joseph Weaver,52,116 Megan Way,Port Juliaborough,Ohio,91966,38.746851,24.4126545
Douglas Browning,53,1666 Allison Gardens,Derekhaven,Louisiana,99472,-136.678295,71.4950885
Kyle Castillo,62,126 Jenkins Lights,Lake Jaimeland,North Dakota,59815,-130.426112,-0.385302
Michelle Woods,40,8748 Adrian Road,East William,Vermont,14315,38.446806,23.2526455
Mrs. Laura Clark DDS,55,08209 Flynn Plaza,Normanton,Louisiana,02526,-153.500100,-33.775368
Laurie Flores,25,460 Johnson Branch Apt. 089,New Elizabethstad,Maryland,47518,12.703794,-11.447795
Carolyn Carroll,19,1843 Christopher Trafficway,Timothytown,California,70794,-98.257507,-89.379766
Regina Soto,68,0476 Spencer Shoal,Susanchester,Kentucky,59285,-80.385605,-3.561718
Bryan Cruz,25,76379 Davis Lake Suite 817,Parkerborough,Idaho,01678,9.096899,-54.033955
Virginia Woods,38,15777 Charles Oval,Morrischester,Illinois,11878,108.518783,39.694061
Garrett Richardson,29,84430 Leslie Drive,Jenkinstown,North Carolina,88821,-123.701491,-71.3905605
Patrick Small,59,77380 Linda Walk,West Tylerstad,Idaho,70060,-9.401831,-23.9721125
Bobby Thomas,78,629 Teresa Course Suite 794,East Walter,Connecticut,93983,7.312763,22.349491
David Johnson,28,78986 Dalton Rest,Leetown,Georgia,10450,-57.291846,-89.093701
Melissa Perez,44,935 Katie Meadow,North Jessicaborough,Nebraska,42766,-44.953706,-29.659773
Sierra Gardner,63,23719 Toni Shore Apt. 426,North Jaredberg,Rhode Island,27400,-40.699050,63.209803
Kathy Rangel,75,9774 Barnes Parkways Apt. 342,Phillipsfurt,Wyoming,22380,90.869928,57.774285
James Ruiz,44,0499 Scott Island Apt. 845,Lawrenceberg,Colorado,98702,63.307593,73.734014
Manuel Long,33,79401 Deanna Trail Suite 345,Lake Adam,Wisconsin,83959,143.079376,-78.3608435
Jack Serrano,48,76955 Hooper Curve,East Lindafurt,New Mexico,90999,-157.686533,62.513961
Madeline Reed,48,11416 Sarah Mall Suite 087,Lake Julia,Pennsylvania,08336,-68.890625,-79.441195
Jennifer Santana,36,893 Cox Glen Suite 670,Evanburgh,California,62366,-45.574324,-14.6922035
Christine James,59,491 Brian Mill Apt. 323,Robinsonstad,Connecticut,41815,-28.739191,-64.549017
Sally Wells,72,008 John Knolls Apt. 831,Charlesview,Hawaii,79695,-54.060100,41.397083
Scott Ward,44,310 James Inlet Suite 037,South Michelle,Minnesota,35453,-55.474757,-61.685850
Casey Howe,18,443 Mcclain Summit Suite 872,Marisabury,South Carolina,42039,-6.563960,-78.1451945
Michael Lin,46,0041 Flores Hills Suite 459,Port Rebecca,South Dakota,90221,170.492347,5.862681
John Campbell,37,205 Kyle Freeway Suite 899,Johnsonmouth,New Jersey,74979,-91.545244,7.0682375
Daniel Gould,76,4390 Erika Mills Suite 533,Sarahfort,Illinois,37932,-6.808473,-85.4452975
Jennifer Robbins,53,694 Janet Road Suite 548,Hughesfort,Pennsylvania,21021,-28.757897,-47.328512
John Gonzalez,47,170 Sherry Garden,South Suzanne,Kansas,96576,-168.461863,-65.775197
Mark Friedman,45,8449 David Haven Apt. 524,Travisborough,Pennsylvania,42727,124.517000,31.607554
Robin Jackson,39,0244 Mcdaniel Creek Suite 404,Mauriceland,Alabama,33685,-105.755008,-34.6207975
Heather Tucker,39,288 Wilson Road,Stephaniestad,Maryland,87134,-37.873936,-72.705422
Jennifer Cook,20,0230 White Cove Apt. 436,West Patrick,Mississippi,73499,-10.990344,-76.647983
Michelle Hicks,79,6751 Young Causeway,West Travisview,Alabama,26012,-123.065138,-25.9157925
Steven King,23,01650 Jennifer Parkways Suite 754,New Matthew,Delaware,10732,146.682597,-85.4483905
Jerome Bolton,56,39915 Sarah Plains,New Jasonborough,Nevada,73383,145.448801,87.220416
Jennifer Brown,41,1142 Danielle Junction Apt. 654,South Carlos,Connecticut,82841,-114.227754,-0.3774745
Anne Clay,30,7200 Gray Haven,Lake Williamport,South Carolina,86378,21.071820,50.6981415
Michael Schmidt,48,222 White Mission,Vanessatown,Vermont,15421,161.638084,-64.176371
Robin Rowe,18,80553 James Mount,Wagnerborough,Michigan,87953,-15.902658,-85.483932
Amanda Hill,78,31289 Beck Turnpike Suite 585,Joseburgh,Minnesota,15375,168.087312,-52.0387985
Gregory Fowler,58,9350 Jessica Roads Suite 812,Cobbberg,New Hampshire,28238,134.642749,38.019632
Andrew Kelly,65,02317 Palmer Village Suite 958,Port Lawrence,Montana,95945,-177.098841,12.533185
Christopher Barnett,36,0274 Stephanie Manors,Pooleland,New York,77695,-21.828058,-78.042165
Tanner Carey,23,1933 Mike Center,Manuelchester,Maine,17198,-21.492141,-51.5049025
Christopher Lambert,34,993 Diana Fords Apt. 101,North Christopher,West Virginia,00760,-92.326350,73.238072
Alexis Williamson,32,9837 Sherri Lane Apt. 904,Mendezberg,Vermont,70697,11.482225,-14.9975255
Jennifer Reed,78,607 Candice Cove,Jenniferland,Minnesota,14434,-34.332990,57.8474575
Casey Campbell,46,884 Johnson Courts Suite 678,Virginiabury,Colorado,31911,161.755060,-66.409312
Danielle Davis,56,10420 Palmer Parkway,New Kiaramouth,California,01275,-20.260498,86.290986
Steven Alexander,44,647 Carl Prairie,Angelaburgh,South Dakota,40970,-17.088492,26.6801225
Michael Davis,62,938 Romero Highway Apt. 159,Gutierreztown,Rhode Island,99655,106.236799,-42.873002
Deborah Wilson,60,90742 Jennifer Greens Suite 420,North Andres,Virginia,17129,178.453441,52.579331
Joshua Moore,20,06059 Lawson Club Suite 947,Masseyview,New York,93762,107.668079,12.4640155
Brittany Reyes,34,899 Matthew Mill Apt. 116,Adrianaview,Maryland,85335,-155.083816,57.697365
Eugene Gibson,55,454 Sutton Forks,South Angeltown,Ohio,64589,-141.949550,-57.7632285
Clarence Pearson,75,12537 Rachel Crest,Beckerchester,Oregon,16934,5.451582,-51.267538
Danielle Deleon,48,2187 Walsh Mill,West Michelle,South Dakota,90236,-122.041764,-55.9419765
Donald Arroyo,18,913 Kendra Orchard,Robbinsmouth,Maine,06525,-0.615085,85.3085525
Rachel Duran,46,3366 Jenny Road Apt. 124,Lake Nancyborough,Nebraska,82728,-141.772950,5.9018775
Emily Shelton,65,6745 April Stravenue,Danielstad,Connecticut,54355,-147.058404,25.697147
Yvonne Gallagher,77,46541 Courtney Mission,West Johnfurt,Alaska,64057,99.875648,-74.559590
Alicia Gibson,56,893 Tina Meadows,Tinachester,South Carolina,88530,124.688455,33.587031
Donna Wells,47,59375 Shields Road Apt. 677,Mathewstad,West Virginia,64300,-93.078564,9.484177
William Smith,42,2040 David Roads,New David,New Jersey,36279,-29.244329,11.509976
Gregory Perkins,21,1678 Morales Courts,Jamestown,Maryland,63488,24.190225,45.6106585
Aaron Baker,50,9010 Shelton Ranch,Ramosstad,South Dakota,86671,67.073270,-54.9810585
Phyllis Cole,56,04139 Rebecca Prairie,Debbiefurt,Indiana,87670,177.844840,57.1523635
Scott Hammond,79,23781 Taylor Estates,Bellmouth,Pennsylvania,76606,79.907359,89.9422555
Steven Douglas,54,1598 Hart Mount Apt. 422,Thomasberg,Delaware,25597,139.956263,17.877372
Rebecca Garrison,30,479 Cochran Fork Suite 498,East Katelyn,West Virginia,36521,-168.408147,-1.477828
Julia Harris,44,361 James Falls,Ambermouth,Virginia,81142,-42.659990,-13.7085805
Jeremy Page,55,730 John Grove Suite 954,Owentown,Massachusetts,19708,4.554403,-23.846299
Joel Craig,80,8440 Kevin Streets,New Ann,Massachusetts,45636,9.275628,-60.270361
Kristin Vargas MD,76,0358 Darren Hill,North Maryfurt,Tennessee,21028,2.452253,-17.167728
Lauren Weaver,21,935 Whitney Turnpike Apt. 330,West John,Wisconsin,89570,-10.169315,-37.433649
Jenna Harrison DVM,66,206 Tiffany Lakes Apt. 669,Wilsonport,Georgia,91390,-8.999715,39.1046065
Brooke Anderson,56,75712 Anthony Prairie Suite 999,North Todd,Alaska,27169,40.475283,-76.4124395
Sarah Smith,69,27751 Adriana Camp,Popebury,Ohio,02836,161.640391,87.7383785
Michelle Hinton,75,4480 Allen Mount Apt. 812,North Kimberly,Hawaii,25595,-102.606821,57.6013275
Chase Torres,27,9352 Hanson Tunnel Apt. 614,North Jesseberg,Vermont,49647,115.456293,-71.158372
Karla Pearson,23,3490 Williamson Cliff,New Chelseamouth,Minnesota,07287,-117.742283,63.014002
Cynthia Jones,22,93451 Lindsay Turnpike,South Ricky,West Virginia,97596,39.940056,19.385800
Cassandra Johnson,44,85126 Johnson Flats,Joseland,South Carolina,76849,100.723596,-41.122741
Zachary Lewis,34,83408 Freeman Glen Apt. 689,South Joshua,Texas,99384,92.779909,0.726350
Jay Harris,51,9159 Brooks Common Suite 393,Port Robert,North Carolina,52529,-77.683332,-19.504507
Stacie Anderson,58,534 Stewart Loaf Apt. 254,Mcfarlandview,South Dakota,08475,153.840318,56.831772
Jesus Brown,45,0507 Gregory Orchard,East Jessica,Nebraska,55837,-23.729676,38.062241
David Robinson,69,83978 Jill Stravenue,Brentport,Iowa,29498,168.913740,-61.827082
Leslie Jackson,41,5971 King Plains,Wyattside,North Dakota,92394,-81.055097,-27.765833
Brian Herrera,26,4423 Mackenzie Lane,South Mariaview,Rhode Island,55443,-83.836917,-64.1913155
Paul Lewis,58,5924 Gentry Crossroad,Sellersfort,Iowa,90508,-153.829273,78.002030
Kelly Guerrero,31,79127 Ryan Meadows Suite 961,New Lindsey,South Carolina,13484,-167.646593,-73.3848295
Shawn Morris,46,3689 Young Place,North Susan,Nevada,13217,161.810200,-25.764010
Julia West,31,6153 Robles Orchard,Ericberg,Idaho,38877,74.373880,-83.907461
Mia Trujillo,71,0120 Foster Glens Suite 207,South Abigailton,California,10510,-30.062677,8.2370075
Jonathan Wilson,20,38368 Spencer Groves Suite 676,East Joseph,Wisconsin,64695,-170.320586,42.646803
Caitlin Stephens,30,897 Eric Extension,Brownmouth,Connecticut,35872,-114.852214,-89.195537
Lucas Poole,80,007 Vargas Springs,North Kimberlyville,North Dakota,51061,-58.258911,-88.6546855
Robert Johnson,38,377 Brian Spur Apt. 774,West Jamie,Arizona,59143,-168.484330,-58.128563
Jay Hall,18,22877 Abbott Mall Apt. 912,Annport,Pennsylvania,28064,91.298429,-20.5633255
Christine Bruce,55,3598 Curtis Islands Apt. 082,West Ashleyland,Alaska,73675,43.705107,-1.9838225
James Roberson,37,924 Johnson Plaza Suite 214,South Christopherfort,Iowa,91370,-139.932321,-86.8127195
Steven Powell,29,95996 Macdonald Station Apt. 456,Port Anthonyview,Kansas,06938,128.368049,71.965075
Sabrina Bond,42,01642 Duran Inlet,Davidbury,Missouri,17390,-136.511267,66.539518
Deborah Torres,25,9104 Kennedy Pike Apt. 839,North Hannah,Colorado,90702,41.538639,75.6939125
Charles Wagner,34,2568 Bridget Pass Apt. 702,Samanthaberg,California,78877,176.856292,76.581650
Robert Martin,55,19653 Chad Stravenue,West Brianna,Kansas,57490,-94.894593,-53.787269
Richard Cooper,18,58454 Faith Shores Apt. 809,New Bradhaven,Louisiana,13025,-74.564548,-48.2728065
Rachel White,51,79585 Janice Lock Apt. 861,Rogerside,Utah,95707,-46.233478,-81.062776
Olivia Reynolds MD,78,628 Samantha Parkway,Lake Melinda,Tennessee,50938,105.409410,21.0778265
Sarah Berry,67,6080 Jason Lakes,Tiffanytown,Alaska,34804,-5.574497,28.1193805
Randy Olsen,37,2574 Morris Streets,Port Beckyfurt,Idaho,02809,17.943218,28.0472695
Claire Rogers,77,024 Lisa Plaza Suite 286,Nelsonland,Michigan,44979,139.742284,-23.9649185
Kimberly Perry,70,449 Marie Groves,North Jeremy,Oklahoma,34047,-145.308013,-21.1079945
Andrea Johnson,38,18648 Jason Greens Suite 994,Donaldbury,Missouri,64228,42.052614,88.155547
Joshua Walton,67,856 Simon Fords Apt. 481,South Natashaberg,Wisconsin,41656,68.526099,64.589680
Juan Johnson,47,824 Matthew Island,East Emily,Colorado,35469,80.345857,-89.6117415
Douglas Day,44,15885 Antonio Row Suite 490,Carlsonton,New York,15970,-38.629828,-23.527182
Amber Bailey,44,68538 Jennifer Forges,Nataliemouth,Washington,81757,-87.486230,-67.5932835
Kathleen Hernandez,36,452 Patricia Dam,Daniellestad,Louisiana,65465,110.272930,45.287812
Kathy Case,40,102 Ramirez Drives,Joannborough,Tennessee,49948,148.235901,89.412361
Jonathan Moore,35,613 Glenda Terrace,Richardport,West Virginia,40175,9.366869,4.4848465
Michael Chung,77,3380 James Brook,Lisaport,Delaware,42324,-4.019121,-33.2842595
Brittany Mcpherson,69,5495 Williams Crest,Pamelaport,Rhode Island,22181,66.515236,30.586621
Jose Henry,59,2908 Roman Knolls,Jeremyhaven,Kansas,36317,133.445642,7.568884
Priscilla Mcdaniel,58,1385 Conrad Divide Suite 010,Cathyfort,New Mexico,23327,60.025639,61.7428225
Ronald Smith,26,859 Rodney Locks Suite 850,Carlland,North Dakota,03446,-27.864540,-66.274229
Dr. Benjamin Miller,30,190 Holly Ferry Apt. 686,Lake Phillipberg,Pennsylvania,75178,45.095746,-86.679665
Lisa Watts,75,0136 Hood Tunnel Apt. 969,West Sarah,South Carolina,78369,-10.783273,8.909659
Phillip White,64,493 Sydney Field Apt. 596,South Dawn,New Hampshire,73548,132.806266,-86.732481
Laura Barker,36,10180 Paul Corners Apt. 239,Heatherside,West Virginia,60069,-135.826807,-17.938895
Mark Graham,76,703 Richards Path Suite 675,Feliciaview,Illinois,06817,-160.329132,-23.405085
Benjamin Kirby,59,3178 Koch Camp Apt. 631,Danielmouth,Wisconsin,97881,48.035351,-19.423014
Julie Armstrong,60,908 Alexander Expressway,West Scottshire,Nebraska,10896,105.565503,-25.407396
Jared Phillips,47,48393 Fitzpatrick Land Suite 257,North Joshua,New Jersey,49672,-78.292590,73.6620755
Christina Atkinson,46,647 Donovan Wall Apt. 087,West Robert,Mississippi,49027,-75.972304,-20.7082175
Jeffrey Wallace,24,52567 Barron Wells Apt. 867,Fosterhaven,South Carolina,19814,-14.127235,83.849643
Yvette Bailey,26,024 Weber Parkways,Andrewsville,California,66904,125.287012,-27.958583
Ebony Williams,40,197 Peter Shore,Ashleyfort,New York,92458,-17.754829,24.356357
David Waters,18,3000 Sara Squares,East Danielleborough,Louisiana,46487,-111.335379,67.0670975
Jesus Zavala,73,685 Mann Wall Suite 173,Lake Rachel,Washington,23630,-101.536837,89.4226805
Anthony Phillips,59,72536 Christopher Islands Apt. 199,South Monicaberg,Arizona,12468,-130.991363,-42.013428
Kelly Yang,75,244 Ho Crossing,West Billy,New Jersey,46805,-88.617873,-82.2657535
Christina Walker,68,680 Jenkins Estates,Port Robertshire,Delaware,52870,97.158481,0.4312295
Stephanie Osborne,68,854 Debra Station Suite 491,Wilkinsonland,Massachusetts,11541,-63.517813,43.523106
Linda Rodriguez,67,7935 Adams Summit,Lake Travisborough,New Mexico,72719,-140.392449,88.9726315
Richard Brennan,42,583 Derek Points Suite 486,North Matthewfurt,New Mexico,95207,-110.212434,-8.666810
Jeffrey Snow,80,87537 Michele Orchard,Nicolehaven,Missouri,23821,54.221697,84.237143
Lisa Williams,68,0286 Jenkins Pike,New Melinda,Alaska,72750,142.638167,-51.843160
Samantha Ward,19,901 Hanson Stream Suite 038,Hallbury,Arkansas,43056,179.731874,-85.485939
Sharon Hernandez,65,3011 Clark Village Suite 804,Josephmouth,Wyoming,98244,-167.866779,14.6693955
Miguel Davis,57,20309 Anthony Plaza,Lake Crystal,Iowa,96466,112.285763,4.8786885
Phyllis Lee,67,216 Tracy Gardens Apt. 987,Robertside,Idaho,34824,11.531662,-72.526882
Cindy Lewis,37,53521 Holt Station,North Carly,Hawaii,49147,44.756986,86.103508
Frances Weiss,48,0415 Steele Corners Suite 336,Johnsonview,Utah,04052,-9.425397,37.479617
John Owens,36,836 Dillon Spring,Nicholasfort,Ohio,76156,10.107860,68.9611465
Mark Hill,56,9455 Jonathan Square Apt. 731,Lake Samanthamouth,Delaware,51881,-68.274635,48.8653905
Elizabeth Myers,80,973 Jeffrey Bypass Suite 394,Brownfurt,Virginia,57660,112.626942,-50.1062645
Melissa Harris,63,41567 Bell Land Apt. 417,Grantview,New York,71559,-57.448572,32.0877385
Samantha Padilla,50,113 Jennifer Ville,Dannyton,Arkansas,26550,175.960612,-58.081652
Timothy Neal,64,6480 Justin Ridge Apt. 181,Clintonchester,Mississippi,71234,82.547736,4.002203
Veronica Haney,28,295 Schwartz Ridges,Brandonstad,South Dakota,08073,58.103978,57.144243
Pamela Long,73,224 Joseph Brook,South Aaron,Louisiana,51738,11.344711,45.541259
Sharon Griffin,20,185 Hailey Ranch,East Lauren,Texas,63514,-117.933832,54.490297
Bobby Wheeler,48,46561 Patrick Land Apt. 180,Port Jennifer,Georgia,59599,161.593867,40.439037
Hector Wagner,28,02786 Gomez Inlet,New Shanefurt,New Mexico,93995,96.788626,88.319734
Patrick Drake,47,25265 Amanda Estate Suite 478,West John,Delaware,95983,-84.209468,-81.2340235
Susan Wallace,21,93217 Rachel Trail,Katherineview,North Dakota,84435,-119.940305,29.412459
Chad Harper,80,05300 Johnson Mountain,Thomasstad,Mississippi,13782,147.950410,18.4962595
Jack Bruce,28,7991 Morgan Oval Suite 168,Seanview,Arizona,51610,62.536434,-23.477495
James Mendez,80,791 Johnson Oval,West Kimberlyborough,Illinois,44324,-111.050394,-7.370016
Ryan Campbell,30,3834 Allen Radial Suite 476,Johnsonbury,Oklahoma,41263,67.239977,-60.993182
Nicole Butler,79,15418 Butler Cove Suite 710,Yangchester,South Dakota,51974,55.802672,68.8485835
Emily Ellis,77,30843 Morales Wall,Vanessaborough,Illinois,67568,9.449917,82.726416
Stacey Shields,62,380 Jason Estate Apt. 321,South Veronicachester,Arizona,01483,25.535333,-49.2530475
Derek Oneal,60,07280 Stewart Plains Apt. 304,North Tammy,Massachusetts,74255,107.678388,-17.7999945
Robin King,33,5129 Bautista Centers Apt. 774,Woodbury,Florida,23517,-48.597577,-66.9691505
Christopher Hunter,50,366 Kyle Route Apt. 261,Lake Kristen,South Carolina,30039,-32.297958,86.779815
Joseph Tanner,73,231 Hernandez Shoal,West Maryborough,Massachusetts,37996,-84.751706,28.374535
Krista Stewart,69,49666 Candice Ridges Apt. 790,West Randyburgh,Virginia,29372,-84.827544,-64.362310
Lori King,66,444 Victoria Lights,East Kathleenmouth,Iowa,08918,165.613952,46.694449
Sandra Chen,56,79085 Barton Orchard,New Jerry,Illinois,99341,-31.128602,73.1956405
Jennifer Gonzalez,64,53925 Scott Roads,Port Elizabeth,Vermont,22687,144.444096,17.791788
Stacey Willis,52,63632 Christopher Dam Suite 150,Emmafurt,Michigan,26454,27.881539,-67.076681
Thomas Hill,70,3351 Jennifer Walks Suite 361,Shaunmouth,Utah,58893,-38.543751,-0.289230
Megan Mitchell,24,65151 Steven Roads Apt. 297,Michaelchester,Alabama,95774,142.995858,-11.3632825
Anthony Johnson,43,252 Wells Circles,Pearsonhaven,Illinois,33624,154.436392,-62.756568
Deborah Cole,38,7335 Weber Turnpike Suite 240,Tyroneberg,Michigan,93250,-30.963277,38.313181
Ricardo Wolfe,50,491 Vega Ville,Port Michael,Virginia,96282,-7.205763,-26.966277
Erin Johnson,74,577 Steven Tunnel Suite 710,Joseberg,Delaware,10787,-39.272116,-14.914518
Katrina Wagner,73,89548 Crystal Ways,Lake William,Arkansas,71266,-119.667190,26.6924245
Amy Wolfe,36,93231 Alicia Roads,Port Angelaburgh,Alaska,56650,-171.862964,-37.0205765
Samantha James,27,9494 Rios Shoals Suite 645,Joelfort,Oregon,24733,-40.172078,-58.7998755
Alexander Bowers,68,8004 Juarez Islands,Davisberg,New Jersey,68329,-40.844506,-15.387611
Darrell Zimmerman,53,0691 Kurt Lock Apt. 377,Maryton,North Carolina,79659,13.142802,-40.023427
Antonio Smith,23,2729 Jackson Mission,Timothyland,Connecticut,26184,7.644869,22.148245
Mrs. Mary Ross MD,61,0117 Shawn Overpass,North Paigechester,South Dakota,38810,-17.402496,27.622460
Amy Powers,75,76182 Samuel Islands,Port Kathleen,West Virginia,34214,84.925296,-52.191426
Richard Myers,75,679 Madeline Keys,South Brendachester,Rhode Island,47730,96.653495,31.4691305
Lance Garza,19,484 Johnston Ford,New Brandonmouth,Texas,46551,-15.000318,-89.3010995
William Rodriguez,35,686 Kathleen Route Suite 102,Brownside,Connecticut,25911,152.171011,18.648279
Catherine Martin,19,35414 Benjamin Fall,North Mary,Alaska,74432,-20.349517,-21.8514465
Joseph Sanchez,33,69160 Brian Bridge Suite 392,Millermouth,Michigan,29309,-99.294417,87.975371
Jacob Frank,21,648 Phillips Turnpike,Cummingsside,Kentucky,90146,39.025262,67.408167
Felicia Carter,73,811 Catherine Street,Davidshire,Hawaii,10292,-97.156091,-48.610081
Lance Lee,38,142 Martinez Land Suite 440,South Tinastad,Maine,92442,27.921662,-37.6742805
Donna Dalton,67,328 Evans Parkways Apt. 906,Nicolechester,Washington,66737,-4.144966,80.7286335
Mariah English,35,9854 Maxwell Plain,Santanafort,Georgia,94345,-178.769305,-20.523812
Benjamin Austin,49,64637 Chase Shoals Apt. 641,Lake Gabriella,North Carolina,34683,-111.255962,-3.9501685
Carl Thomas,61,263 Denise Ranch,New Ethanmouth,Georgia,30117,-57.221896,-1.807903
Amy Hall,64,27949 Dixon Bridge,North Nathanstad,Arkansas,87591,179.890616,57.1338575
Joel Mcclain,23,0793 Jennifer Ports,Williamchester,Massachusetts,26172,-2.182631,72.737590
John Williams,54,330 Sawyer Ville Suite 935,North Laurenborough,Minnesota,62947,81.187967,79.997855
Earl Brown,33,213 Kelly Center,North Robert,Illinois,90232,-16.642428,-73.4057945
Michelle Bean,34,0693 David Brook Apt. 925,Sherrifort,Arkansas,35859,-140.870005,-16.887805
Timothy Morgan,34,0949 Horn Flats Apt. 140,Allenfurt,Michigan,32080,95.395257,8.179390
Beth Cruz,33,171 Martin Crescent Suite 397,West Samuelberg,California,96287,75.852092,-37.493866
Sandra Johnson,38,7962 Maria Pike,Davidtown,Rhode Island,64311,56.656532,-48.2323405
Denise Lawrence,56,935 Smith Court Suite 722,Whitneymouth,Virginia,35072,-148.096769,-85.464505
Jacqueline Cruz,49,391 Mclean Bridge Apt. 814,South Douglasbury,New Jersey,53715,-66.604269,51.716150
Danielle Tanner,51,77124 Samantha Forges,Justinshire,Wyoming,78630,-88.728027,86.4641605
Michael Aguilar,47,8860 Becker Tunnel,Leslieborough,Maryland,79306,-104.601796,53.9179535
Joseph Schmidt,56,3779 Frank Fork Apt. 234,Jensenchester,Illinois,08130,113.113616,69.8958435
Brianna Underwood,21,666 Henry Ridges Apt. 456,West Kathleen,Maryland,26338,-69.157720,-73.3208565
Lisa Hayes,63,162 Singleton Pines Apt. 102,Amandachester,Utah,83229,-38.959602,-27.669886
Jennifer Johnson,60,32231 Wheeler Square Suite 344,South Daleport,Minnesota,29524,117.945593,-66.7838985
William Holt,49,8663 Briana Mission,Rachaelborough,Connecticut,32124,43.952608,-87.837059
Karen Robinson,69,0310 Savage Ford Suite 381,New Reneeburgh,Wisconsin,04345,73.386435,9.595250
Rebecca Edwards,49,07571 Zachary Wells,Crossview,Washington,59590,-167.924569,-48.3673995
Angela Beard,37,769 Morgan Run Suite 097,Maynardland,Nevada,90637,79.159410,-70.9529145
Christopher Foster,22,14012 Stone Mount Suite 189,West Samanthaport,Ohio,35208,58.140232,-14.6472285
Amanda Le,32,9426 Michael Mountain Apt. 345,North Nathan,Alabama,14088,-84.569272,46.6345515
Samantha Evans,48,517 Ward Street,South Joseph,North Dakota,80040,-50.470555,76.023842
Melissa Morris,27,75969 Joseph Drives Apt. 436,Ayersburgh,Delaware,53180,163.577223,-43.3723315
Karen Brown,27,6596 Brian Port Apt. 958,New Ashley,North Carolina,45092,-14.705347,-82.4246935
Joseph Morris,71,22804 Steven Mission Suite 608,Moralesport,Mississippi,81932,-168.034092,68.046977
Lindsey Copeland,78,2172 Erika Valley Suite 860,Bushville,Colorado,42920,-124.890408,28.2235385
Kristin Page,42,209 Pierce Roads,West Kylieberg,Ohio,21507,-110.821678,-67.6602425
Zachary Harris,50,2715 Keith Manors,Feliciatown,Massachusetts,48697,-138.118582,-47.873179
Bradley Arnold,52,2774 Richard Glen Apt. 106,Jamesville,Idaho,00729,119.293971,7.534444
Timothy Mcguire,19,05734 Amanda Islands,Lake Melissa,Oregon,97751,113.192110,-84.0592655
Andrew Moyer,44,553 Tucker Underpass,New Mark,Louisiana,25492,96.579002,76.4920105
Leslie Pugh,71,4664 Bishop Burgs,Devintown,Alabama,57109,87.713984,-68.8609485
Thomas Moran,42,997 Walters Brook Suite 248,Parkermouth,Tennessee,73827,-17.800622,-32.696416
David Snow,21,787 Davis Inlet,North John,Virginia,97950,31.806319,50.5562345
Ashley Kennedy,22,752 Santiago Club Suite 094,West Christinestad,Delaware,34578,87.554110,-78.5551665
Hannah Yates,25,566 Raven Skyway Suite 892,Allisonland,South Dakota,14157,28.895053,-25.936457
Cassandra Butler,70,493 Lawrence Fall Apt. 304,Frankshire,Arizona,49600,144.533512,-13.0796535
Kristi Rasmussen,61,09489 Brian Isle,East Taylormouth,Arizona,39393,-117.761121,-6.7791995
Richard Johnson,62,515 April Port,Port Alanberg,Kentucky,91919,88.382287,61.796634
Anna Leon,24,6419 Mendez Valleys,Lake Candicemouth,New York,45942,-174.105017,42.646695
John Anderson,35,60161 John Trail,Davidview,Texas,07410,-176.569394,-42.4869745
Trevor Osborne,37,65782 Adkins Shores Apt. 200,Webbchester,Mississippi,44565,-39.931553,87.2983615
Theodore Prince,54,2733 Coffey Spring Apt. 460,Eugenechester,New York,17811,-147.363425,88.4151715
Matthew Fields,76,768 Kari Loop Apt. 190,Smithmouth,Virginia,92911,-168.984963,-66.819344
John Brown,27,5528 Johnson Station,Kanestad,New Jersey,21704,-17.883658,-30.5233965
Austin Brown,77,69388 Mckinney Port Apt. 274,Lake Luisberg,Maryland,44550,49.144834,-69.0908135
Jeffrey Snyder,59,387 Trevor Trail Suite 794,Contrerasshire,Alabama,26378,152.383418,-41.8988635
Daniel Stewart,25,08381 Brown Station Apt. 311,New Erikaborough,Wisconsin,47863,-113.028268,56.264876
Billy Lopez,25,53256 Rogers Manors Suite 076,South Sydney,Wyoming,40032,-113.563393,-24.0129485
Kelly David,46,236 Kayla Rest Apt. 775,Salinasport,Michigan,31175,116.916119,-60.204688
Jenny Diaz,74,3351 Susan Pines,Meyerside,Maryland,58295,-8.660046,-10.5948795
Cynthia Mathews,45,866 Ronald Terrace,South Lisabury,South Dakota,19898,7.413585,39.494912
Kevin Ruiz,44,10583 Linda Hill,Markhaven,North Dakota,59657,85.865848,88.5453765
Mrs. Amber Lyons,68,7488 Davis Vista Suite 659,Martinezfurt,Oklahoma,16911,108.371541,54.8400365
Angela Turner,33,65003 Pitts Knoll Suite 884,Diaztown,Illinois,13537,-93.213100,-62.087140
Michelle Mayo,39,289 Walker Crest,North Nicole,Michigan,14073,93.531195,-4.3837355
Christopher Mendoza,57,36056 Cobb Dam Apt. 026,Stevenchester,Kansas,18855,-90.944927,-84.6398795
Taylor Peters,42,4934 Mary Shores Suite 479,West Crystalville,Idaho,48162,5.011004,40.863231
Dennis Houston,63,416 Adam Lane,Erikatown,Colorado,70003,23.982688,40.6993065
Christopher Lopez,64,3967 Jackson Mountain,Andersonstad,Arizona,14907,175.821482,78.4105455
Lisa Mills,65,3139 Erik Parkways Apt. 000,Stevenmouth,Wyoming,11092,-155.145803,-51.2425045
Nicholas Miller,72,658 Roberts Burg,Katrinaton,Montana,96654,-152.200379,84.200232
Jennifer Strong,65,58020 Bryan Camp Apt. 420,Annetteview,Illinois,41983,-111.600382,-18.434744
Edward Sullivan,54,7753 Jennifer Mountain,Curtisborough,Idaho,23352,-131.020009,18.1153095
Erik Espinoza,31,517 Lewis Causeway,West Christopher,Arkansas,46842,-148.347378,56.6877005
David Lopez,32,409 Laura Path,South Connie,Washington,66107,119.818960,-19.514181
Daniel Briggs,19,216 Benjamin Place Suite 356,Escobarland,New Jersey,15922,-92.336027,85.145861
Mackenzie Strickland,38,0191 Stephanie Mountains,Davisburgh,Wyoming,33870,50.747045,20.901710
Steven Joseph,19,154 Patrick Corners Apt. 632,Port Tinafort,Colorado,90654,-62.045815,5.3593545
Crystal Peterson,56,4114 Simpson Springs,Jacobhaven,Vermont,46292,-83.988998,-1.941280
Joseph Mason,56,783 Johnson Run,Lake Stephaniechester,Georgia,33005,109.579410,71.7437735
Adrienne Morales,60,7716 Medina Trail,Scottview,Colorado,70342,-128.077044,-75.5607385
Christopher Johnson,80,8063 Jennifer Knolls Apt. 922,Port Jennifer,Iowa,54955,123.062195,-66.9707685
Ronald Roberts,68,992 Morrow Mill,Michaelhaven,Iowa,29782,122.423390,-45.934255
Justin Robles,59,5982 Curtis Locks,Bradleychester,Delaware,88975,51.447080,-12.8999395
Michael Silva,65,918 Amanda Tunnel,West Katherine,Montana,20701,-136.186275,40.8413815
Randy Russell,19,26863 Bell Freeway Suite 960,Bakermouth,Wyoming,68275,-175.135537,8.4609035
Maria Mcneil,33,95713 Jerry Road Apt. 073,East Christineview,Tennessee,07538,5.827307,-54.3596505
Sharon Beltran,46,67213 Donald Ridges Suite 890,Brianland,Idaho,76033,-4.145805,42.9553585
Vicki Harper,26,78805 Christopher Valley Apt. 811,East Christophershire,Utah,97781,-163.354299,-22.901373
Jill White,52,967 Steven Lock,Mejiaton,Connecticut,57702,-60.196474,50.302261
Sara Hogan,45,1204 White Spur,West Aliciamouth,South Carolina,03950,49.535858,-41.5791745
Andrew Bryant,63,411 Victor Ridge Apt. 912,Bairdburgh,Indiana,64871,90.944233,59.824554
Leah Reed,80,592 Martin Route,Port Donnamouth,West Virginia,62141,-14.146900,5.4309025
Ms. Jenna Baker,35,6782 Patricia Course Apt. 456,South Joseph,Mississippi,22140,42.062569,-79.1803845
Erin Jones,43,67592 Denise Hills,West Charlesburgh,Iowa,95984,-157.659392,-39.356137
Leonard Fleming,54,640 Bowman Divide Apt. 637,Kathrynburgh,Texas,67551,82.204177,55.749773
Amber Hall,61,77934 Henderson Trail Apt. 692,Lake Nicholas,New Jersey,16463,-25.431728,30.8390615
Brett Houston,30,222 Greene Station Suite 321,Smithchester,Michigan,21375,-7.396121,87.365388
Justin Allen,18,31254 Suzanne Loaf Apt. 148,Port Stevenmouth,Nevada,15590,-88.564684,89.2771985
Paige Goodman,23,77503 Davis Radial,Boonehaven,Missouri,54193,-138.593788,11.960996
Andrew Thomas,54,7470 Brown Way Suite 087,Timothyborough,Ohio,01141,-30.168052,5.520545
John Williamson,61,9448 Brad Light,West Tashashire,Virginia,22732,-86.702581,-88.0655425
Patricia Reilly,76,0211 Adams Rapids,New Kristinaport,Kansas,84651,107.875263,-16.569014
Cody Perry,76,710 Krystal Ramp Suite 426,Port Christopher,Indiana,86013,-146.046251,20.762995
Shawn Ramirez,71,064 Barnes Rapids,North Erica,Michigan,38527,-41.536611,-85.8858945
Kimberly Wright,73,32537 Russell Avenue,North Derrick,Nebraska,11346,74.506479,82.818439
Jeremy Shaffer,63,477 Hamilton Springs,West William,Idaho,96250,-121.136878,60.1608415
Lisa Roberts,59,84791 Johnson River Apt. 205,Jeffview,Alabama,07055,-89.337372,-76.081098
Caleb Rodgers,32,5444 Rogers Tunnel,East Joychester,Louisiana,07250,122.256980,-87.7928135
Thomas Brown,19,36444 Riley Walks,West Michaelmouth,Virginia,65945,-130.676295,-31.691581
Raven Donaldson,41,6414 David Views Suite 525,Eatonport,Iowa,03308,-151.046421,-65.279378
Angela Martin,61,18389 Anthony Pike,Mcclureside,Mississippi,89606,97.020120,-81.5279795
Kevin Anderson,56,548 Austin Springs,North Darrenbury,South Dakota,91761,-22.277442,48.213769
Garrett Elliott,44,667 David Lock,Port Christopher,Idaho,73379,29.069000,49.5892025
Alicia Bell,41,1439 Elijah Ranch Suite 065,Louischester,Idaho,47141,-57.857370,54.036446
Jessica Parker,39,98911 Samuel Knolls,Rebeccastad,New Mexico,77526,-172.189540,-78.1237165
Christopher Oconnell,72,13636 Wright Land Suite 388,Port Joshua,Illinois,08173,-152.427931,60.6733365
James Drake,79,7291 Mata Coves,North Erica,Colorado,37690,96.313642,50.1620395
William Summers,68,953 Stephanie Fort Apt. 015,Lake Joelville,South Dakota,84612,-56.805467,11.7629485
Mark Alvarez,26,04565 Hudson Pine,Victoriamouth,Minnesota,42695,63.686006,-76.1468325
Anthony Roberts,24,00853 Bautista Point,Port John,New Jersey,28088,178.170474,-83.482908
Jane Elliott,71,2842 Sandra Extension,New Sandrastad,South Dakota,07368,145.498989,23.3575225
John Brady,77,1734 John Mountain Suite 254,East Brenda,New Hampshire,99308,-173.359348,76.249013
Troy Rhodes,53,643 Frank Flats Apt. 829,Lake Jamestown,Maryland,51018,172.135075,51.9189905
Alyssa Chase,59,4576 Sanchez Island,Port Sonya,Alabama,72930,58.085696,24.503671
Natasha Berry,76,5154 Tony Pike,Mitchellton,Tennessee,09101,114.693547,78.9157525
John Myers,75,683 Troy Court,West Jesusport,Delaware,52868,39.432726,5.6452365
Robert Robinson,69,4911 Eileen Dale Suite 150,Tinastad,South Dakota,06100,155.556884,-64.8661275
Richard Miles,51,20122 Andrews Loaf Apt. 326,Port Lauraton,Iowa,89906,55.338662,-49.1983605
Grace Woodward,43,0186 Gregory Fall Suite 326,Comptonbury,Oregon,97912,-15.929909,56.815792
Sheila Foster,24,21512 Cook Fields,Matthewshire,Rhode Island,25854,22.605276,-25.329669
Tina Key,57,55618 Richardson Union Suite 566,North Joseph,Ohio,81594,-17.162963,-33.9705245
Mark Sanchez,52,455 Jamie Divide Apt. 088,Adamburgh,Maryland,06028,74.839294,-77.1500225
Michelle Black,35,615 Dean Crossing,North Paula,Wisconsin,39093,-61.790757,-46.562860
Ryan Hernandez,59,8571 Howard Springs,New Matthew,Wyoming,69863,132.111589,-59.383531
Barbara Moss,73,3378 Barrera Mountain,East Michael,Missouri,50160,40.529443,80.0546815
Jeffrey Frey,54,211 Cantrell Street Apt. 076,Jeremyfurt,Kansas,02631,-18.564288,-85.260971
Darren Torres,19,302 Sandra Lodge,New Gregoryberg,Vermont,51867,-70.800031,52.172373
Courtney Powers,26,97363 Debra Viaduct Apt. 190,Christophertown,Colorado,24719,35.762950,-51.295550
Sara Cisneros,77,7869 Yates Heights Apt. 489,Williamport,Massachusetts,78034,97.438029,-42.805004
Jennifer Carey,23,8679 Brock Brooks Apt. 668,Lake Gregoryport,South Dakota,96103,-133.103976,-73.1831455
Debbie Wheeler,76,9492 Simpson Lane Suite 330,South Luis,New Jersey,84256,30.186203,12.5474865
Paula Forbes,48,5803 Anthony Drive,Woodsborough,Louisiana,79799,-41.884990,31.6011025
John Griffin,42,5802 Matthews Pine Suite 913,Tylerland,New York,68537,-161.559851,-10.802905
David Blair,62,7025 Hall Terrace Apt. 678,East Joseph,Vermont,25502,12.159154,-20.703550
Lisa Kent,40,34830 Savage Shoal,North Barbara,North Dakota,42244,132.680778,-13.042817
Erin Duran,25,780 Miranda Mill,Port Jessemouth,Iowa,15611,-13.648166,-55.7832395
Michael Johnson,18,5408 Patel Hill,Coxton,Connecticut,16916,-8.832063,-1.970061
Elizabeth Stewart,76,54125 Manning Overpass Suite 293,Rodriguezside,Kansas,68810,119.421608,47.3368185
Tracy Cox,49,35182 Meyer Via Suite 557,West Timothyton,New Hampshire,73359,2.956348,-67.6771835
Mrs. Sandra Reynolds,18,561 Amber Turnpike Apt. 948,Shannonton,Georgia,01656,70.497407,68.498403
Kelli Shaw,75,397 Graham Viaduct Suite 584,Michaelstad,Mississippi,56589,-8.996227,9.0318445
Carla Munoz,29,945 Garcia Radial,Port Christopher,New York,59496,-86.341534,-43.000873
Katherine Johnson,48,306 Mark Via,East Krystal,South Dakota,98958,162.607829,9.7902975
Jerry Becker Jr.,63,4609 John Circles Apt. 898,East Donaldchester,South Dakota,81650,-161.230882,89.801194
Ruth Ford,65,89985 Waters Alley,North Carolshire,Florida,50257,-130.627827,-75.1379665
Mrs. Amy Silva MD,70,64358 Susan Courts,Onealville,New Hampshire,93333,54.642113,51.754542
Becky Chase,51,6756 Tanya Trail,Wallberg,Nevada,56054,-144.748115,-9.4536435
Charles Bates,25,0472 Edwards Crossroad,Jesuston,Nebraska,60150,-151.785098,-62.2600575
Brianna Hubbard,73,578 Lawrence Lock Suite 546,North Dianabury,Pennsylvania,26696,-20.087487,-89.921356
Cole Harris,20,2106 Michelle Locks,Elizabethburgh,Wyoming,45340,-86.599066,-22.378963
Michael Peterson,39,432 Jones Springs Apt. 170,Lake Carlos,Wyoming,23596,-5.107732,-29.2145775
Kimberly Stevens,43,854 Richard Corner,Lake Jonathanfurt,Idaho,38537,-126.878197,69.463167
John Drake,79,38239 Miller Prairie Apt. 538,Port Deniseland,New York,98737,-88.132113,-48.4300175
Mrs. Jennifer Wagner,78,007 Alexis Way Apt. 282,Port Tara,South Carolina,20928,93.307963,74.7912925
Holly Mcbride,57,03414 Campbell Fork,Steelechester,California,85735,-54.695997,-64.0770555
Raymond Wilson,45,10369 Harrison Gardens Suite 772,Stephenhaven,Mississippi,09902,51.497715,87.678664
George Villa,36,9915 Wilson Loaf,South Cynthia,South Carolina,68828,-22.442355,-84.5532305
Christine Ayala,72,854 Carolyn Fort Apt. 643,Kevinburgh,Nebraska,44487,-52.126772,-28.4387565
Jessica Davis,30,03748 Morgan Forges Suite 495,Lake Alison,Illinois,38650,146.100863,-55.077925
Victoria Barber,54,25849 Alyssa Ways Apt. 068,Courtneyville,California,90328,-90.736549,65.418283
Sharon Hernandez,55,1247 Jessica Pass Suite 844,East Pennyton,Mississippi,33055,-127.603014,39.346322
David Brown,67,8811 Candice Divide,Stephaniebury,Minnesota,21143,153.727298,-58.650447
Rebecca French,50,1928 Christopher Forge Suite 243,Johnsonborough,Maine,93985,154.604419,83.9499925
Ronnie Phillips,36,60536 Jackson Wall,Jeffersonhaven,West Virginia,51112,33.150419,-80.3489335
Denise Jackson,62,0669 Scott Canyon,Lake Danielle,Rhode Island,64209,-18.668870,-6.4547915
Amanda Turner,55,6597 Jasmine Estates Apt. 346,West Leslie,Nebraska,60578,98.715007,49.135960
Kristy Lynch,60,01862 Jacobs Ridges Apt. 419,Schroederside,Kansas,34863,-153.751316,76.6822265
Margaret Miller,42,6426 Michael Cape Suite 102,Cainview,Mississippi,33078,-144.174620,-13.3435695
Katie Haas,42,882 Makayla Unions,Port Marthaberg,North Dakota,77019,-21.935995,-37.792950
Kaitlin Nixon,23,6132 Gabriel Prairie Apt. 240,West Diane,West Virginia,79184,-169.731946,73.5032215
Casey Gonzalez,45,7038 Donald Turnpike Apt. 662,East Brendamouth,Colorado,39895,-123.555457,-50.664848
Brittany Ayala,76,50442 Micheal Shores Apt. 253,Dannyberg,Oklahoma,47155,63.629439,-77.2255195
Jon Cowan,28,4931 Jennifer View Suite 251,South Patriciamouth,Minnesota,94492,165.400750,13.0307495
Thomas Cook,21,074 John Village,Karinaton,Arizona,37587,-26.074829,43.742817
Jessica Thompson,60,799 Dixon Prairie,North Timothyport,Georgia,63284,33.283381,-45.6695215
Mark Thompson,21,051 Nicole Manors,North Brittanyberg,Pennsylvania,22073,-89.882686,-34.685973
Michael Dunn,21,91879 Jeanette Common,Sanchezfurt,Louisiana,76646,50.391299,9.542730
William Schmidt,80,7482 Veronica Estate Suite 087,Lake Kathryn,Louisiana,88655,-157.803298,-20.1091975
John Robertson,30,95675 Larsen Lodge Apt. 678,Gabrielaville,North Dakota,62535,-65.283195,70.2019425
Thomas Parsons,20,476 Cameron Road,Rebeccabury,Rhode Island,26912,111.287001,-8.839494
Tracy Long,19,38357 Elizabeth Lake,New Lisa,South Dakota,08365,9.022133,75.604143
Ashley Garner,18,51140 Mckinney Summit,Tonyborough,Missouri,75271,-46.969397,-15.329296
Brandi Guerra,37,3207 Campbell Drive Suite 640,New Victoria,Maryland,94487,-116.993175,80.221047
Steven Schmidt,18,7966 Watson Hill,Scottchester,Louisiana,10146,-172.280489,59.822203
Sarah Vargas,78,14214 Debra Lock,Richardport,Kansas,81985,-137.197074,-51.6717115
Antonio Gardner,71,8016 Nicole Station,Bentontown,Iowa,98332,61.696800,11.0633855
Jesus Drake,54,0711 Timothy Well Suite 761,South Jennifer,Nevada,51759,-113.350842,33.9118495
Natalie Glenn,70,12118 Martinez Neck,New Courtneyberg,Montana,85077,141.049033,44.9186565
Daniel Lindsey,77,382 Thomas Underpass,East Kayla,Ohio,20526,84.125613,47.027234
Anthony Guzman,50,0757 Virginia Run Apt. 655,Blackburnmouth,Connecticut,93148,114.357874,-7.2784735
Katherine Kline,80,920 Daniel Canyon Suite 867,West Toddstad,Washington,66763,-16.237092,75.5825385
David Williams,30,0595 Stephen Ferry Suite 180,South Andreaview,Nevada,74262,138.992991,63.253420
Michael Scott,20,4707 Dunn Union Suite 576,New Bryan,New Hampshire,10967,-47.017698,-22.2313815
John Hood,62,7324 Tanya Ville,Port Erichaven,Virginia,68089,-123.510488,85.162582
Samuel Ross,35,132 William Lodge,New Justinberg,Maryland,83910,-133.271982,76.6062585
Karen Bullock,47,663 Tamara Lights Apt. 363,Roberthaven,West Virginia,15285,-72.956431,-68.6128425
Crystal Krause,66,279 Zachary Mountain Apt. 451,Tannershire,Maine,91607,-69.689287,71.8382435
Joseph Burch,76,7704 Cohen Rapids Apt. 987,Lake Bethton,Florida,07435,-170.676871,-9.3379505
Joseph Sampson,26,0199 Chen Stravenue Apt. 000,Lake Colleen,Ohio,61215,142.835450,-64.2266925
Andrea Green,19,705 Sherry Plain,New Shannon,Delaware,57777,-98.319319,-38.9213415
Adam Garcia,78,432 Jimenez Circles Suite 366,Jennifermouth,Maine,98700,-84.072346,12.803814
Stephen Reeves,54,52765 Mackenzie Bypass Suite 751,West Johnnyport,Utah,33206,-18.652343,-63.7208785
Antonio Bennett,53,4859 Irwin Forks Suite 622,West Markborough,Kentucky,42109,-5.994698,64.7480925
Julia Nelson,71,12207 Todd Centers,Julieshire,Hawaii,24547,-136.226214,45.3819795
Ashley Webb,69,52705 Obrien Mission,East Traciville,Alaska,38262,-39.012028,39.548169
Cynthia Richardson,61,490 Jackson Harbors,South Pamelaberg,Illinois,61886,119.602964,-42.826942
Anna Burke,35,888 Thomas Parks,Port Kimberlyport,Tennessee,23845,50.596893,-53.282196
Christopher Parker,53,61791 Gabrielle Plain,North Suzanne,New York,27709,-149.862267,-78.2391195
Sarah Leach,46,92432 Taylor Circle Apt. 987,Nicolestad,Wyoming,52701,-110.921540,13.803652
Danielle Butler,27,09653 Mendoza Wells,Christymouth,Georgia,01346,-88.073801,51.721015
Mr. Nicolas Bartlett DDS,45,42843 James Forks Apt. 046,Evansview,Nevada,93845,-78.763692,-53.0740535
Lisa Morton,46,8717 Bailey Tunnel Apt. 451,Bakermouth,Washington,73609,17.641764,-31.2533585
William Smith,23,340 Bray Burgs Suite 712,Port Michelleshire,Virginia,68000,86.529367,-61.0165365
Amy Wells,50,5362 Ryan Square Apt. 845,Mooreside,Texas,08401,-68.098502,-68.8035285
Deanna West,37,7750 Santana Well,North Richardfort,West Virginia,83465,-140.372910,-65.8284425
Madison Whitehead,68,366 Acosta Mall Apt. 249,New Kimberlyshire,New Mexico,41675,160.823801,44.702179
Kimberly Moyer,31,289 Ray Port Apt. 828,Barnesland,Delaware,62852,-128.102685,72.791670
Gregory Williams,22,058 Monica Skyway,Laurenland,Nebraska,94877,137.021537,-85.373047
Edward Stanton,57,036 David Spring Suite 408,Carolynport,Illinois,78244,45.133402,-12.640402
Kristen Johnson,42,40656 Rebecca Divide,New Natalieville,Nevada,49356,56.161526,31.3329545
Whitney Ho,24,307 Justin Loop Apt. 780,Ericatown,Illinois,15160,150.556330,86.6964125
Michelle Wallace,27,912 Melissa Vista,Bautistaview,Utah,00566,0.253571,18.8602015
Dave Adams,47,22378 Perez Park,Port Brianmouth,Maryland,51944,61.065041,27.8144025
Nicole Robinson,21,5489 Crosby Heights Apt. 779,Julianfurt,Delaware,68626,-47.652762,51.0448245
Kenneth Spears,31,079 Jones Vista Apt. 976,West Roberto,North Carolina,95096,-154.307412,-15.241281
Paul Clark,55,284 Copeland Cape Apt. 430,East Angelamouth,Washington,17639,172.172215,-59.7947745
Jack Johnson,41,33103 Joseph Parks Apt. 723,East Johnfurt,New York,61643,-123.861396,-21.285512
Chelsea Evans,61,02919 Black Junctions Suite 340,Benjaminborough,New Jersey,58128,133.306631,2.073268
Meredith Stafford,39,036 Scott Cliffs Suite 344,Allenbury,Massachusetts,01372,50.039663,-27.5212695
Stacey King,18,09599 Luis Roads Apt. 946,Robertburgh,Pennsylvania,62971,-66.581084,-46.9385135
Stephanie Alvarado,66,368 Jason Junctions,Lake Zacharyview,Minnesota,89545,13.620163,67.9429165
Jennifer Holder,45,0016 Jon Ridge Apt. 030,Arnoldborough,Tennessee,77675,-33.659575,13.214245
Mary Cantrell,38,894 Theresa Hill Suite 794,Henrymouth,Michigan,38486,-150.543620,-12.2878155
Margaret Kirby,46,05494 Nicholas Keys Apt. 533,New Anthony,Florida,58288,110.331732,21.593937
Angela Campbell,37,1760 Burton Mission Suite 582,New Daniel,Indiana,66267,82.497712,63.6955885
Ian Stewart,36,458 Caroline Courts Suite 208,Kennethfort,Ohio,49725,149.561009,-12.677261
Stacey Wilson,62,42115 Tara Divide Suite 225,Coxview,Texas,31149,61.343561,18.8033025
Maria Randall,66,86191 Andrew Burg,Lake Theodore,Nevada,59477,47.695322,59.1024605
Gary Allen,27,72505 Oconnor Track,Brownberg,Kentucky,48922,54.652829,-3.595581
Pamela Hampton,36,77084 Rodriguez Keys Apt. 403,West Shaun,Connecticut,47958,155.709718,63.3057815
Jimmy Rhodes,79,939 Jason Village,Amandaport,Kentucky,82559,2.577200,-58.5196915
Kayla Lee,31,6975 Anthony Island Apt. 420,Huangfort,Washington,16189,-31.510152,24.5660385
Amanda Williams,19,207 Tyler Stream,Josephmouth,Virginia,27528,69.114804,-63.0806935
Samantha Lucas,68,318 Bruce Burg,Lake Noah,Connecticut,51413,-55.068345,-45.470342
Justin Roman,24,48750 Reid Ford,Donaldstad,Maine,77810,-7.067466,-47.7142155
Timothy Sims,25,53578 Jones Lane,New David,Virginia,26112,37.765546,-79.0872165
Lucas Lopez,66,93798 Anthony Oval,New Regina,Maine,26440,-86.023099,32.112128
Adam Murphy,34,07972 Rose Falls Suite 892,Higginsport,Kansas,05168,-75.699790,-84.3523645
Raymond Hopkins,26,160 Kirk Squares,West Peggy,Wisconsin,55579,-169.458295,-45.0560915
David Miles,18,481 Garcia Knolls Suite 890,North Jennifermouth,Michigan,06662,165.255858,87.567538
Ricky Price,53,362 Tina Court,Port Michael,Georgia,22905,165.213431,43.483670
Olivia Aguilar,77,25018 Jason Burg,Mirandaside,Missouri,47656,-164.695756,33.399365
Sean Douglas,46,284 Collier Island Suite 818,Cassandrafort,Texas,05551,54.375127,53.650833
Todd Moore,22,4133 Harris Springs,Angelamouth,Virginia,77760,60.673680,22.4030025
Jason Mullins,34,64321 Joseph Curve Apt. 612,South Amanda,Louisiana,88567,40.741098,-15.1628195
Aaron Robinson,71,8846 Martinez Coves Suite 645,Bobbyland,Vermont,53391,17.983431,32.694496
Tony Ruiz,75,245 Tamara Manor Suite 910,West Daniel,Colorado,57450,57.425613,-75.7579285
Robert Davis,37,9744 Christopher Junction,Abigailchester,Mississippi,82136,-116.207636,56.9575645
Kathleen Pittman,56,1226 Kimberly Bypass,Lisachester,Tennessee,21162,112.010981,8.9482815
Wayne Davis,25,4309 Christian Plaza,North Tara,New Jersey,08779,-50.864533,33.676828
Shirley Davis,72,412 Powell Green Suite 218,Christopherbury,New York,90531,151.970891,5.1422305
Cassie Johnson,26,47232 Freeman Causeway Apt. 865,South Laurafort,Indiana,55200,-10.837059,-54.737878
Mary Hughes,41,8808 Griffin Cliff Suite 089,West Adammouth,Tennessee,01909,38.217167,79.014682
Annette Walker,21,14056 William Land Suite 783,New Jennifer,Tennessee,83058,68.713328,-20.8769075
Derrick Grant,75,763 Brian Stravenue,Weberborough,Montana,68807,-69.240259,-9.595661
Mary Allen,63,72565 Mason Inlet Apt. 626,Whitneyburgh,Alabama,62640,-80.897368,58.4537795
Nathaniel Goodwin,30,5898 Lance Vista Suite 857,North Frankmouth,Wisconsin,68020,47.420502,-12.865833
Jennifer James,54,547 Murphy Loaf Suite 005,New Brandon,Pennsylvania,28354,-105.329460,22.1042425
Joseph Anderson,40,94727 Mathews Dale Suite 511,Wiseview,Florida,65304,-53.328792,53.528890
Tina Wilkinson,21,7525 Kelly Wall Suite 579,Jessicafurt,New Jersey,35343,131.074051,-14.9449585
Michael Webb,80,558 Elizabeth Route,South Jamie,Nevada,73168,7.924728,47.0552885
Julie Snyder,68,431 Allen Crescent Suite 016,South Amanda,Massachusetts,33692,-54.936239,79.1527685
Chelsea Cole,23,51881 Johnson Causeway,East Bryan,Washington,15544,17.292450,-48.879039
Christopher Cochran,61,9456 Murphy Mills Apt. 813,South Amandaborough,Georgia,97446,4.193838,-25.3848535
Susan Cisneros,30,1376 Manning Crossing Suite 759,Burketown,Delaware,37286,17.541273,-62.1860445
Allen Sutton,32,1335 Lynn Rapid Apt. 433,East Michelle,Minnesota,98160,161.806591,51.3469585
Dustin Sweeney,21,7679 Padilla Underpass,Port Michellehaven,Connecticut,73055,-168.475944,5.7524365
Monique Lynch,55,478 Lewis Mountain Suite 881,Thorntonville,Iowa,24429,23.656904,-75.6798725
Amanda Gonzalez,69,934 Thomas Crossing Suite 440,Paulahaven,South Carolina,97308,39.886870,-4.8333455
Maria Patel,30,662 Ronald Drive Apt. 975,Faithshire,New Hampshire,01494,-41.867080,49.5770915
Michael Williams MD,42,7455 Zachary Ranch,South Lorimouth,Kentucky,57536,-130.061466,9.4793935
Dean Baker,34,80868 Kelsey Motorway,Mathisfort,Washington,62415,86.197686,64.8723625
Jackson Allen,53,81233 Ellen Square Suite 874,East Larry,Maryland,60823,-2.220493,-18.748064
Ashley Mitchell,70,5261 Johnson Forge,Lake Dustin,New Mexico,21836,169.086737,-44.196152
Dorothy Williams,73,79334 Williams Place Suite 630,New Brittanyberg,Louisiana,45371,39.103753,-54.9903465
Lisa Long,54,310 Gray Crossing Apt. 272,Hamptonstad,Georgia,93708,-150.790530,29.175492
Gabriel Phillips,27,491 Sarah Lake,Jonesshire,New York,24200,-174.927122,-55.054125
Dr. Evelyn Burns MD,61,649 Carrie Park Suite 427,Olsonburgh,Texas,28565,51.950357,-2.0195055
Mr. Jason Shelton,44,12334 Tate Common,Bradleytown,Kansas,20893,140.653631,-53.835312
Stephen Peterson,78,044 Alexis Pine,Robertfurt,Texas,37170,-7.011455,42.3646075
Marcus Walker,30,68462 Michelle Ridges,Donnaview,New York,64626,-133.539774,-23.186266
Mary Morgan,70,385 Maxwell Harbors Suite 225,North Jimmy,Indiana,69935,103.770549,-2.0871935
David Wilson,68,488 Short Stream,New Kristi,Wyoming,10016,7.126076,-57.740961
Erica Walker MD,34,810 Snyder Rue,North Natalie,Vermont,31587,-27.386958,-24.463642
James Schmitt,68,80011 Linda Isle Apt. 918,South Veronica,Vermont,90094,-80.717920,-41.248963
Barbara Lopez,68,958 Nelson Estate,Lake Shane,Arizona,88312,-148.335284,-85.0909735
Rhonda Vargas,79,762 Hernandez Groves Suite 414,North Jeffreyborough,Kansas,45229,-108.036012,-14.9095585
Laura Hunter,18,15666 Lewis Cove Apt. 216,South Michelleborough,Illinois,86508,123.076783,86.694060
Tim Davis,29,81368 Robert Wells Apt. 321,Avilafort,North Dakota,29658,-1.502778,-35.2332165
Tonya Morales,19,327 Wolf Walks,Alvarezmouth,Florida,38998,-51.565092,-44.7548165
Tanya Davis,79,164 Kelly Views,Kathyfurt,New York,39186,-146.090703,-29.795880
Desiree Miller,69,1552 Courtney Drive Suite 123,Wrightstad,Arkansas,62198,87.448179,-13.218216
Julia Schneider,34,5487 Kevin Islands,Jennaport,Utah,87919,-102.132961,-7.8255855
Caleb Kim,35,39934 Garcia Alley,Port Denise,Missouri,46936,14.856197,2.8093145
Chad Herring,32,28823 Olson Meadows Suite 968,East Loretta,Utah,12660,30.102940,15.527823
Amber Banks,58,981 Jennifer Road Apt. 378,West Cody,Massachusetts,55192,41.877560,-41.805154
Alexander Davis DDS,61,97063 Michael Overpass Apt. 792,Lake Aaronhaven,Nevada,18377,161.375050,-30.6865115
Karina Hughes,34,40741 Goodwin Stravenue Suite 795,East Gary,Arizona,72239,-8.889534,-3.0269545
Cory Weiss,64,64772 Nathaniel Knolls Suite 379,East Ana,Georgia,81383,-100.026633,76.749615
Janice Collins,35,6857 Lindsey Circles Apt. 633,Port Daniel,Idaho,44141,125.774125,66.721515
Johnny Ellis,34,450 Scott Lakes,Lake Meganstad,Connecticut,62633,-132.907325,63.232028
Kimberly Duncan,30,257 Johnson Crossroad,New Sean,Nebraska,37071,-136.548507,31.5501355
David Nelson,75,63335 Evans Grove Apt. 668,East Duane,Georgia,02633,-7.544733,-3.7252935
Cathy Andrews,20,9356 Leah Lock Suite 726,South Kristinabury,Vermont,27294,-21.700247,5.968095
Jennifer Hill,25,350 Paul Highway Suite 307,New Michelle,Ohio,93845,68.383473,-64.7221325
Jill Hines,36,3789 Contreras Turnpike,North Cindy,Alabama,72902,-98.928792,41.9543755
Stephanie Lyons,59,081 Adams Light,Cynthiahaven,Texas,13817,-126.988750,8.3400615
Pedro Riley,41,4454 Ortega Shoals,Morseland,Maine,33262,-48.067898,72.460144
James Ryan,58,983 Johnson Rapid,Edwardmouth,Idaho,27224,159.216755,-57.271951
Phillip Flynn,67,500 Holly Underpass Suite 870,Chambersstad,Louisiana,73207,131.350346,36.1140395
Amanda Carroll,70,95177 Kathryn Stravenue,North Kathy,Alabama,03888,139.264713,67.3894575
Derrick Alexander,70,6721 King Burgs,Rachaelhaven,Alabama,52896,-11.068444,-28.603471
Donald Hill Jr.,20,587 Lewis Springs,West Amandafurt,Illinois,93483,75.217903,-80.201220
Raymond Palmer,49,110 Parks Manors,Margaretland,Wyoming,79964,-112.247530,-50.9801385
Elizabeth Brown,49,832 Alexandra Throughway Apt. 396,Lake Jeffrey,Georgia,46640,16.120395,-14.3213585
Anita Thompson,20,8701 Melissa Parkway,South Andrewfurt,Alabama,89649,-68.103580,-79.3882035
Kimberly Mueller,80,34797 Abigail Walk Apt. 918,New Robert,Louisiana,42453,-170.476952,72.6639955
Scott Wilkinson,22,6045 Aguirre Radial Apt. 007,West Hollyton,Arizona,76713,9.699252,75.8097535
Shannon Lowery,18,423 Reilly Hills Apt. 270,West Brent,Michigan,53716,4.010095,-71.197050
Matthew Keller,30,82363 Nicole Cove,Owensbury,Texas,71959,151.077799,69.685852
Cody Jones,26,1313 John Forest,North Pamelaborough,Mississippi,42547,-119.295389,-24.611562
Judy Cook,63,3618 Sarah Spurs Apt. 847,Lopezbury,Alaska,14969,-86.329986,-73.5003545
Sarah Harrington,29,9806 Joseph Branch,Aprilland,Missouri,01655,-50.757858,45.6795635
Troy Middleton,59,1568 John Plaza Suite 230,South Robert,Indiana,52212,51.172692,32.559217
Andrew Rich,68,8097 Nicole Common,Port Michellemouth,Maryland,54585,-84.350663,17.989784
Jesse Beck,46,9654 Ronald Prairie Suite 830,Stanleystad,Idaho,98643,-67.027401,37.7410105
Andrea Young,20,00932 Jason Valleys,East Stacyburgh,Minnesota,64991,-122.745675,-36.8382035
Patricia Ward,55,854 Rich Plaza,Lopezstad,California,51579,-106.198314,48.380819
Michael Hill,35,7319 Justin Square Suite 076,Carrollberg,Rhode Island,17818,-8.520446,-66.824208
Stephanie Robertson,61,085 Jones Mountain Apt. 776,North William,Missouri,91105,146.551371,55.4287085
Jennifer Gibbs,55,65669 Long Turnpike,Davidbury,Delaware,44997,-159.507655,-58.7359135
Eric Mcgrath,35,17421 Edwards Inlet Suite 804,Rossport,Minnesota,51159,-103.744790,-21.4332475
Darrell Coleman,66,635 Garcia Meadow,Rogerstown,Illinois,25662,-33.672412,-71.2517615
Nancy Ross,33,648 Edwards Plain Apt. 200,South Heatherfurt,Missouri,99889,-128.144590,-43.4928445
Kyle Santos,53,00852 Joshua Manor Apt. 372,Matthewview,Virginia,51150,121.145074,63.252041
Christopher Peters,71,088 Galloway Crescent Suite 096,New Lindsayfort,Louisiana,34314,42.744319,-76.630939
Jonathan Waters,58,1495 Logan Drive Apt. 506,Russoport,Iowa,25325,59.456361,77.3228775
Michael Ellis,43,61359 Heather Via Apt. 642,Bridgetshire,Missouri,82114,142.477414,-88.0570645
Jennifer Johnson,44,38495 Lisa Camp Apt. 833,East Haleystad,Arizona,24280,-119.423858,-16.3696735
Brandi Jordan,29,873 Martinez Camp Suite 146,West Tiffany,Georgia,39131,-69.748842,-60.105733
Tamara Pugh,58,838 Kelley Glen,North Damonside,Oklahoma,07685,74.307103,78.0150045
Sarah Miller,34,094 Bryan Prairie,West Williamfurt,Arkansas,13321,-176.135578,72.5637385
Steven Armstrong,24,65911 Jenny Underpass,Audreyside,Maine,47220,112.807895,-29.0435345
Tracey Lozano,30,4476 Morgan Branch,East Angelicachester,Louisiana,47362,118.520270,29.350598
Andrea Garcia,76,5345 Aaron Crescent,Goodmantown,Delaware,94094,-124.660976,-51.4088775
David Humphrey,27,44192 Denise Points,Warnerstad,New Hampshire,83400,16.352814,75.5785335
Daniel Thornton,54,326 Smith Fork Apt. 830,Lake Jacobhaven,Illinois,83595,48.064260,-43.8093515
Christopher Stark,52,4346 John Cape Apt. 097,North Robertton,Ohio,20318,73.863097,-48.119046
Kayla Trevino,35,22710 Sandra Forks Apt. 490,New Roger,Rhode Island,66624,54.650571,-17.494175
Debra Taylor,57,90899 Anderson Avenue Apt. 926,West James,New York,11125,158.331434,-28.4208295
Joe Woods,57,2613 Alexis Islands,South Gregorytown,Maryland,91784,88.095465,56.6251355
Miguel Larsen,79,5486 Moore Passage,Anthonyport,Wisconsin,60844,91.848344,-21.5690475
Billy Flores,54,8124 Henderson Estates,Karenside,Michigan,90508,-149.733003,84.1522065
Hannah Velasquez,20,53702 Perkins Circles Apt. 843,Delacruzville,North Carolina,27468,94.820650,-69.866777
Evelyn Sosa,28,2188 Katherine Port Apt. 166,Marcusberg,Ohio,21311,58.665533,-65.305464
William Vasquez,20,73359 Cabrera Cliff,Nancytown,Alaska,55865,-133.487581,-69.060870
Jill Sanchez,75,21206 Price Groves Apt. 687,Rogerchester,New Hampshire,26742,-18.504885,-31.6947585
Evan Escobar,46,70469 Hernandez Lane,West Timothyside,New Mexico,40860,92.125084,-71.6472565
John Bailey,79,0397 Erik Summit,West Benjaminport,Oklahoma,86686,-78.406968,24.8215555
Eric Ortega,64,9154 Cantrell Parkway Suite 286,Clinehaven,Vermont,52568,-71.331099,30.473546
Paul Jenkins,66,69169 Thomas Springs Suite 846,Meganfurt,Arizona,98219,123.410927,7.455221
Amanda Vang,26,3760 Evans Camp,West Joseph,Florida,99388,10.607958,54.071543
Michael Ferrell,66,730 Hill Ways,Smithchester,Oregon,36004,38.195680,-80.0879255
Lisa Smith,39,470 Daniel Loaf Apt. 742,Williamsberg,West Virginia,58814,24.102810,-87.5806575
Christopher Williams,80,56509 Walker Forges Apt. 749,North Kristen,Vermont,41557,167.627739,48.434223
Colin Davis,19,494 Cameron Estates,Lake Andrea,North Dakota,06776,-5.248388,4.949272
Aaron Gonzalez,39,2426 Larsen Mission Suite 780,Thompsontown,South Dakota,53336,-40.017668,58.150846
Francisco Daniels,27,47110 Floyd Stravenue,East David,Arizona,68870,-167.507074,1.914784
Elizabeth Dennis,29,482 Rebecca Rapids,South Joshuaville,Vermont,68627,104.066369,-69.867373
Sheri Schneider,45,39450 David Land,Scottland,New Hampshire,43963,-85.376720,-10.315271
Luis Williams,22,966 Howard Tunnel,Melvinborough,Massachusetts,84962,-91.562855,-41.5684225
Brandon Rose,42,799 Cunningham Wells,East Jeffreyview,Alaska,07018,-66.056609,77.1177185
Amanda Leon,27,574 Isabel Ridge,Shepardfurt,West Virginia,69682,69.159338,-73.132775
Ryan Huff,60,9951 Russell Island Suite 795,Lake Samantha,Hawaii,94058,177.877390,43.540768
Matthew Martin,53,327 Kyle Rue Suite 162,Summersfort,New Jersey,21849,-54.855212,28.9515715
Robert Miller,80,61554 Gary Roads,West Ashleytown,South Dakota,51511,-103.837749,21.808484
Tanya Myers,48,034 Edwards Avenue Apt. 393,Ronaldport,Maryland,11796,-13.312598,86.9565165
Brian Knox,68,0470 Christopher Village Suite 934,West Stephaniefort,Wyoming,93964,148.661828,-1.6535295
Robert Wright,24,031 Stark Crossroad Suite 438,West Susanton,Hawaii,65328,26.871528,72.6722795
Jeremy Shaw,41,65710 Mckinney Throughway Apt. 783,East Teresa,Tennessee,19632,98.847367,-48.550163
Jim Morrow,39,64711 Ramirez Rapids Suite 742,East Jasmine,Arizona,01674,157.481977,34.4366825
Daniel Hartman,31,281 Michelle Ranch,East Barbara,Vermont,81536,-151.973452,49.1821305
Steven Holmes,64,62180 Lauren Forest,South Laurenville,Connecticut,51747,50.583819,-58.5137745
Eric Hamilton DDS,20,8991 Madison Manors Apt. 550,Lake Maryburgh,Nevada,65317,-101.981223,82.084361
Timothy Scott,46,95247 Amanda Estates,Port Justin,Texas,28215,-84.431701,16.587139
Aaron French,57,7200 Woods Viaduct Suite 122,Medinastad,Louisiana,62828,-156.440948,-84.1510605
Veronica Brown,40,89419 Alyssa Burgs,Jenniferton,South Carolina,17085,17.283351,85.181866
John Marsh,77,6566 Johnson Branch Suite 554,Armstrongmouth,Hawaii,46936,122.010511,17.105657
Corey Thompson,32,512 Elizabeth Forks Apt. 340,Lake John,Alabama,54192,118.332343,7.049364
Kimberly Garza,58,79445 Bolton Lakes,New Cynthia,Missouri,52560,-4.543098,53.4206605
Judy Parrish,25,5686 Johnson Bypass,Lake Brent,Alaska,52324,-20.809930,81.1902145
David Smith,53,347 Meyers Island Suite 296,Carrollchester,Alabama,82514,66.280548,78.5587575
Martha Harrison,50,81483 Edward Parkway Suite 208,Terryville,Vermont,86939,-54.801411,-15.359535
Melissa Edwards,56,772 Johnson Keys,East Feliciaberg,Illinois,72390,132.054522,-83.248738
Hannah Jackson,75,78693 Michelle Drives,Josephtown,Oklahoma,72228,-43.536455,-24.786630
Barbara Lewis,48,512 Jones Circles Suite 573,West John,Pennsylvania,18271,-10.979558,73.8593995
Felicia Fernandez,44,0033 Rios Valleys Suite 069,South Kayla,Hawaii,95239,77.218179,-58.478200
Deborah Chavez,80,45234 Myers Landing Apt. 272,Pamelatown,West Virginia,56274,150.236071,-57.5131305
Denise Warren,35,958 Wall Tunnel,Port Yvonneport,Montana,54155,79.251248,-61.083557
Kevin Knight,21,37336 Rhonda Pike Apt. 841,Corymouth,Michigan,64331,22.875327,13.9320825
Rebekah Nolan,42,184 Stevenson Burgs,East Ashleyfurt,Minnesota,51233,-147.925452,29.3394165
Heather Oliver,39,602 Russo Throughway Suite 327,Cassandrafort,New Jersey,35650,74.527640,-74.5317945
Stanley Schmidt,54,86350 Richard Stravenue Apt. 162,Mclaughlinberg,Iowa,36840,-130.297119,16.4774785
Claudia Horn,57,738 Dixon Fork,New Rogerview,Montana,76707,22.991939,15.307936
Michael Rhodes,69,71307 Bobby Estates Apt. 502,Shawntown,North Carolina,12171,120.798447,2.850660
Rebecca Brown,20,464 Lisa Plains,Port Angela,Delaware,58755,5.452614,14.748352
Stephen Hayes,22,66079 Zachary Street,New Matthew,Arizona,84190,48.022436,-62.145199
James Norton,24,015 Warren Green Suite 670,Patriciashire,Arkansas,49509,14.456039,-89.868130
Caitlyn Anderson,63,835 Dunn Wells Suite 741,Richardshire,Illinois,45724,143.160959,-41.926847
Scott Pena,75,72307 Meyers Brook Apt. 275,Harperfort,Texas,51164,-4.799146,17.482848
Alexander Perry,78,391 Holland Island,Port Sharontown,Virginia,10769,-118.335872,-88.400997
Holly Smith,77,4220 Shaw Path Apt. 072,Port Heather,New York,41737,-97.947409,-79.1507695
Kristen Rangel PhD,77,32811 Mcintosh Fords,Nathanielmouth,Minnesota,54177,-144.912698,-50.755077
Jason Warren,61,01472 Alvarado Circle Apt. 880,Arthurstad,Mississippi,53025,-166.044271,77.4968175
Eric Mckenzie,30,7008 Isabella Pass,Brownshire,Georgia,25213,-84.110217,19.8729355
Nathan Hunter,33,06962 Henderson Tunnel,South Christopherview,New Hampshire,20621,34.768759,2.494102
Christopher Scott,49,389 Garcia Lakes,Stephenschester,Alaska,20154,-39.008617,42.764996
Brandon Le,24,3361 Taylor Village,North Sethstad,Idaho,45341,45.584625,-45.441209
Tiffany Wood,57,2798 Lopez Village Suite 495,North Joseph,Oklahoma,95966,149.508023,1.844206
Andrew Hernandez,19,727 Travis Alley,South Zachary,Georgia,82217,-83.193385,88.175532
Jason Guerra,21,85237 Charles Extension,North Marcport,New Jersey,46208,-120.012805,88.054030
Julie Luna,36,363 Meagan Brooks,East Charles,Oklahoma,72342,78.264700,-20.735222
Brittany Gibson,74,4975 Diane Rapids,Wadeberg,New Hampshire,11479,-94.547208,39.480602
James Ford,49,8085 Jackson Heights Suite 953,North Danielview,South Carolina,81892,-137.708127,-55.643050
James Butler,21,7671 Russell Bridge,Juliafurt,Kansas,73689,-179.185252,-24.1077505
Allen Henderson,53,07401 Michael Estates Apt. 224,Alishire,New York,81802,162.311862,60.4372055
Andrew Morris,78,17970 John Place,Farrellfurt,Louisiana,55982,166.240665,78.975764
George Medina,31,7398 Jonathan Gardens Suite 132,New Davidville,Virginia,71819,0.372434,35.3980135
Kimberly Thompson,39,33866 Burke Glens,West Katherinemouth,Kansas,99458,-53.789009,76.1133125
Sara Olson,18,774 Andrew Coves,Lake Thomas,California,45242,124.588913,-48.6792275
Mrs. Erica Jones,78,63427 Harris Groves,New Tina,New Jersey,21607,-165.997194,32.0188455
Jill Dominguez,26,31136 Shelly Vista,East Jeffreyburgh,New Hampshire,25895,-24.986857,-66.624367
Daniel Tucker,70,8308 Maria Common Suite 401,New Suzanne,Nebraska,39288,-126.200088,69.085485
Lori Francis,18,6237 Hall Harbors,Tamaraborough,Ohio,15133,143.185507,71.023466
Michael Dunn,53,9748 Taylor Meadows Suite 870,Contrerasland,New Hampshire,20708,-127.159765,70.1016265
Pamela Miranda,28,073 Dean Stream,North Haileyton,Utah,58380,49.947964,-57.3074775
Thomas Robinson,38,4545 Flynn Extension,Whitetown,Washington,59346,-74.205644,30.637318
William Hughes,40,71906 Shane Estate,North Brendanberg,Mississippi,97694,-179.772304,-18.118545
Lawrence Ortega,70,14949 Wilcox Estates,Port Barbaraburgh,Alaska,99830,-62.625145,-63.6397525
Morgan Webb,39,226 Gomez Causeway,Lindseychester,Nebraska,79124,-33.880875,-43.006273
Tyler Scott,58,5040 Lin Field Apt. 536,West Maria,Alaska,83379,-65.663326,67.8149815
Emily Dougherty,60,66622 Susan River Suite 487,New Brenda,Massachusetts,33364,74.227929,78.756390
Hannah Rodriguez,53,2484 Butler Wells Suite 458,West Linda,Kansas,83390,-172.341270,19.284336
Matthew Rodriguez,60,9817 Ryan Road,Chandlertown,Georgia,87986,167.616398,61.937480
Anthony Garcia,31,81032 Courtney Corners Apt. 762,New Kathryn,Illinois,41576,77.804966,31.9127345
Shannon Tucker,57,42411 Peterson Harbor Suite 183,Clarkview,Georgia,96349,-0.756405,-55.0137975
Adam Benson,33,652 Thomas Gateway,Turnerland,New Hampshire,95630,48.877166,-62.3043895
Dana Parks,35,7781 Ronald Haven Suite 162,Karenview,South Dakota,28104,131.702197,14.695550
Kevin Aguilar,62,11115 Johnson Mountain Apt. 572,Prestonview,Kentucky,81421,-142.452754,-2.225632
Eric Bradley,58,54974 James Manor Apt. 958,West Joy,Illinois,62427,73.952430,-81.431339
Kimberly Munoz,70,160 Dunn Plains,North Joshuaside,Wisconsin,16387,-41.609013,14.0519945
Melissa Johnson,55,4890 Mejia Crescent Apt. 786,West Barbaramouth,North Carolina,14550,44.872617,-68.242656
Angela Young,31,14081 Kimberly Dale,Hardinton,Maryland,69669,-69.756375,-11.1896705
Jennifer Deleon,33,4078 Ariel Hill,New Richardborough,Florida,79852,16.002963,-81.408628
Tracey Ashley,24,782 Sims Oval Apt. 242,Wagnerfurt,Washington,98275,87.165347,81.628936
Adam Snyder,34,6740 Anna Falls,Lake Brent,Washington,24005,179.299558,20.790287
Jessica Hart,49,8336 Walters Cliff Apt. 328,East Deniseborough,Virginia,19875,-144.420363,-58.377409
Samantha Crawford,58,540 Garcia Pine Suite 423,Morseton,North Dakota,98997,-123.723089,70.5013905
Allison Martin,62,96188 Park Pines,South Katelyn,Kentucky,03937,-2.088601,50.762007
Jennifer Bishop,32,3939 Garrett Stravenue Apt. 745,Lake Ryan,West Virginia,70972,143.605669,-30.5556045
Joanna Kramer,41,21478 Reynolds Square Apt. 692,Nicholasmouth,Nevada,08032,155.124557,1.250607
Elizabeth Wise,49,02740 David View Suite 858,Joneshaven,North Carolina,17441,152.290040,75.7783905
Jennifer Collins,37,2844 Michelle Ways,East Katherine,South Dakota,31123,28.302854,-17.300578
Shelby Becker,68,8285 Justin Rapids,Lake Meganfort,New Mexico,79852,-131.327990,8.4002315
Seth Kirk,74,6401 Jones View Apt. 377,North Jonathanchester,Oklahoma,04070,19.140688,-49.798718
Amanda Ferguson,32,52290 Hubbard Curve,South Kelseyville,Arizona,65538,-126.156767,-4.780319
John Myers,32,928 Harris Lodge Apt. 292,Josephmouth,Massachusetts,75989,133.278722,-49.051996
Kimberly Guerrero,79,80745 Eric Loop Apt. 855,Kathleentown,Tennessee,32207,-120.144586,38.9959805
Stephen Nguyen,70,85843 Young Fords,West Michaelbury,Texas,64450,146.800615,49.048977
Benjamin Mitchell,70,8331 Phillips Drive,Lake Thomasbury,North Dakota,40599,-151.501355,41.8920405
James Gaines,54,3699 Watts Forks,Ritafurt,North Carolina,53322,71.846406,38.224500
Daniel Miranda,66,254 Baker Hollow Suite 524,North Jill,Arizona,76586,104.817422,85.815983
Steven Wood,43,397 Susan Parks,West Christinechester,Oregon,56537,52.107617,57.0330185
Daisy Thomas,53,000 Bailey Landing Suite 238,Lanemouth,Washington,18882,-98.052202,64.785890
Cynthia Goodman,27,54756 William Ways,South Briannamouth,California,42651,-3.648479,33.4381595
Cheryl Sullivan,67,85889 Lewis Island Apt. 828,Hoborough,West Virginia,29218,-23.361939,27.5769765
Barbara Newman,68,660 Johnson Fields Suite 528,Wilsonbury,Pennsylvania,62779,-67.138977,-36.403500
Jacob Ford,57,497 Victoria Mills Apt. 859,Port Karenberg,Nevada,90981,4.783862,-60.194534
Jackson Perkins,28,00793 Nicole Tunnel,Kaylaberg,Arizona,09273,140.057617,-71.2744005
Victoria Mathews,77,676 Logan Causeway Apt. 512,Emilyshire,Missouri,43498,168.760599,11.7812655
Anthony Burch,60,7624 Williams Glens Apt. 704,Port James,California,82578,-60.957244,-85.774299
Cynthia Wallace,80,55221 Elizabeth Place,Travisview,Florida,19008,-18.553556,12.8051035
Jodi Hubbard,57,856 Morris Squares,South Sheri,Louisiana,20521,-29.163783,-51.7723785
Dr. Carly Smith,40,039 Rachel Manors,Batesmouth,Maine,43029,-152.662629,67.882058
Olivia Carr,31,906 Amanda Motorway Suite 383,North Chadfort,Montana,59169,112.448157,38.3096055
Christopher Hayes,36,311 Garcia Roads,New Emily,Texas,33309,89.660468,-57.5027295
Rachel Santos,45,7370 Nelson Mountains,East Brittany,Nebraska,74914,-1.997501,-74.420152
Amber Bass,71,176 Timothy Tunnel,Port Debbieland,Massachusetts,52983,-131.344999,-71.069300
Sarah Myers,29,0578 Angel Valleys,Mistystad,Maine,83844,86.312175,50.7225625
Jeremy Rogers,59,453 Casey Fork,Michaelmouth,West Virginia,50937,-80.735004,-16.046940
David Byrd,27,24265 Tanya Roads,Port Stephanieberg,Georgia,19069,170.922987,33.284856
Jeremy Rodriguez,33,2583 Middleton Prairie,Fisherhaven,Idaho,99769,127.697326,30.505243
Kathleen Haas,22,44061 Jacobs Gateway Apt. 449,Rodrigueztown,Kansas,39925,-150.815826,44.2006755
Margaret Scott,50,139 Miller Knoll,Robinsonton,West Virginia,58974,-44.088652,-66.6241135
Kevin Rodriguez,19,03482 Kathleen Row,West Victoria,Kansas,96181,-95.572778,-10.460563
Timothy Porter,72,51658 Samantha Stravenue Apt. 419,West Susan,Kentucky,42005,42.207696,-44.6879785
Kiara Smith,57,62688 Jennifer Trafficway,Danielsburgh,Illinois,11186,-141.454983,81.903540
Jessica Donovan,51,6122 Frazier Extensions,West Nancy,Washington,24029,-140.970547,18.064120
Dawn Jackson,36,64316 Linda Manor Suite 779,West Thomasbury,Hawaii,71990,-167.609589,14.2274275
Marilyn Livingston,65,08222 Madden Island Suite 153,West Ashley,Massachusetts,97022,-61.830517,56.397396
Kimberly Fitzgerald,70,323 Martinez Burgs,South Brianchester,Missouri,52910,-52.251270,-22.589631
Danielle Skinner,70,909 Carson Lodge,East David,New York,74442,50.842597,-46.4260995
Amy Griffin,77,7620 Taylor Mills,South Jameshaven,Maine,79552,-85.961082,-41.8843665
Robert Franklin,52,35561 Elizabeth Rue Suite 131,Port Scott,Alaska,19550,-126.479280,55.060734
Jennifer Johnson,28,202 Andrea Field Apt. 673,Bellland,Michigan,82538,-46.371030,6.9306565
Greg Mcintyre,33,35879 Daniel Key Apt. 500,Port Jeffreyview,Minnesota,63086,-49.114005,87.5074535
William Brooks,55,37253 Hernandez Village,New Kevinfort,Nevada,43701,-141.833610,34.9394555
Sandra Campbell,76,0793 Wang Creek Apt. 433,Martinland,Tennessee,12706,172.115336,-2.6761435
Cheryl Baker,44,456 Lyons Turnpike Apt. 534,East Sarahbury,Mississippi,85159,168.787352,-88.9438265
Willie Fox,76,4987 Dillon Rue,North Robert,Hawaii,42164,0.909222,-57.246851
Ronald Martin,64,3562 Lee Drive Suite 207,West Alanborough,New York,01672,-9.803311,-30.438932
Alexander Burke,27,41139 Brenda Curve,Port Christy,Maryland,77261,-21.795783,6.2430535
Heidi Stephens,72,15237 Smith Camp Suite 837,East Mike,Colorado,77594,-37.661771,65.3628315
Douglas Castillo,64,714 John Vista,Jacksonside,Utah,26840,18.981643,-34.2798855
Mrs. Chelsea Deleon,47,441 Dunn Island Suite 109,Lake Dorothyton,North Dakota,24443,8.463885,-34.1361955
Lucas Williamson,28,7669 Misty Expressway,Rossport,Nevada,24360,-71.975788,-79.909817
Jennifer Hood,72,9666 Lee Extension Apt. 740,Lake Jennifertown,Tennessee,24610,175.831602,-59.490097
Destiny Wilson,73,884 Logan Ridge,Carlostown,Georgia,50579,-140.507646,-19.002120
Thomas Torres,37,155 Tate Roads,Acostashire,Michigan,18203,-5.574625,73.372261
Gregory Spence,45,14159 Anderson Land,Carterfort,Illinois,59257,50.784691,-9.3575495
Craig Mason,60,216 Dakota Points,North Samanthamouth,New Hampshire,50035,-138.063567,-10.7531425
Robert Dodson,76,9524 Stewart Courts,South Lauren,Alabama,68089,89.458598,0.952678
Robert Brooks,44,42181 Gilmore Forge Suite 927,North Amymouth,North Dakota,39786,133.376365,-68.9798095
James Wheeler,59,8332 Ashlee Ford,Floydchester,Oklahoma,85085,37.095982,-11.4113435
Debra Sanders MD,18,892 Vazquez Street Suite 250,Port Michellestad,Utah,72561,38.992360,7.6239365
Sarah Allen,55,26397 Love Tunnel Apt. 586,Harrisonmouth,Alabama,88071,-19.494163,-54.6011455
Melissa Mcmahon,63,80659 Dustin Throughway Suite 240,South Jaredchester,Washington,59439,66.021822,-72.0439135
Michael Casey,79,4836 Rogers Rue,East Douglaston,North Carolina,31337,168.181398,-63.3453415
Mikayla Garcia,77,0949 Gregory Stravenue,Feliciaport,Maryland,39447,-75.751953,24.488643
Erica English,28,38008 Andrews Branch Apt. 283,Ashleyfort,Oregon,40302,35.126072,-16.815720
Jeremy Johnson,67,718 Roman Ports,Millerbury,Georgia,26661,-8.589980,26.647119
John Miller,26,620 Sara Creek Apt. 540,Kimberlyburgh,Minnesota,22912,-168.915901,-53.3518205
Alexander Fowler,76,2213 Owens Forest,New Kristen,New York,98878,118.350612,-7.058430
Dorothy Perkins,38,8511 Kimberly Circles,Davidbury,Michigan,16890,176.722772,-76.331199
William Hill,74,72571 Hanson Mountains Suite 662,South Mark,Maryland,34558,89.372619,3.8430705
Michael Moreno,55,85745 Day Shoal,Justinchester,New Jersey,55193,62.981805,-63.297008
Todd Anderson,79,548 Nathan Walk,New Lynnberg,Missouri,16213,137.259060,-29.9918265
Charles Reilly,30,15714 Roberson Avenue,Berryport,Texas,43529,97.923565,62.6506235
Alyssa Thompson MD,33,0255 Smith Creek Suite 896,North Ericaport,Oklahoma,53281,-139.984897,-42.6763625
Kristen Oneal,39,83006 Monica Garden Apt. 064,North Marissa,Colorado,24042,-86.798738,2.3705215
Carlos Rich,69,6308 John Lakes Apt. 865,New Megan,California,76394,166.534936,-0.9257315
Angela Reed,55,8554 Jacob Crest,South Laurenburgh,Connecticut,89726,-26.947595,2.545014
Samuel Brooks,22,506 Cox Track Suite 534,Snowland,Nebraska,02344,3.519239,-0.3994855
Harry Garner,32,63753 Miller Hollow Suite 639,South Patriciaside,Hawaii,33894,156.998668,74.729555
Eric Hoffman,46,25147 Kenneth Parks Suite 035,Hufffort,Montana,04690,41.125938,13.003496
Mary Lowe,49,26709 Hawkins Cliffs Apt. 725,Alyssahaven,Pennsylvania,03746,89.043786,-56.270230
Sean Harper,22,9104 Scott Neck,West Danielle,Oklahoma,56135,-33.066033,-8.709898
Laura Pierce,57,81514 Richard Green Apt. 180,Batesport,Rhode Island,46719,121.050229,-39.8426845
Kristin Dixon,32,752 Shepherd Track Apt. 691,Deleonmouth,Arizona,90100,107.305468,-40.6797385
Elizabeth Taylor MD,60,211 Katie Corners,New Alfred,Texas,14477,64.599174,-13.8658695
Kathleen Grimes,30,31973 Jackson Isle Suite 109,Lake Amber,Michigan,37725,-113.169892,-54.5116935
Christina Frazier,39,992 Stephanie Canyon,Alisonfort,Louisiana,70096,-132.042359,11.6370095
Michael Munoz,26,1164 Wilson Islands,Port Donaldhaven,New Hampshire,85870,-16.480455,24.4379475
Mrs. Kathy Doyle MD,18,84452 Don Mission,South Taylorfurt,Utah,08389,95.729833,-50.3106405
Amanda Saunders,49,115 Robert Highway,West Marcusborough,New York,14395,-3.504810,-1.4474105
Jonathan Morrison,26,1529 Davis Crest,Jasonview,Kentucky,48497,60.501827,-44.771653
Richard Harris,49,366 Brandon Flats,Lake Edwardfort,Texas,52952,175.748381,-87.7843685
Darrell Leon,56,021 Miller Loop,West Lisachester,Kentucky,33504,-78.975977,2.022706
Jaime Gomez,77,17555 Walker Keys,North Debrachester,Montana,68558,-66.369051,-53.892238
Jessica Fuller,42,356 Steven Summit,Jessemouth,Michigan,75992,149.011646,50.826066
Maxwell Hubbard,57,078 Watkins Points Apt. 142,Wardshire,New Hampshire,23458,-24.524169,70.092130
Scott Sanchez,45,16787 Delgado Pass,Lake Reginaborough,Maryland,58495,-5.871034,-71.4955125
Jordan Sullivan,36,69372 Smith Ferry Suite 104,South Tara,Utah,31513,-29.612814,66.631823
Tamara Allen,23,897 Harrington Junction,Sophiaburgh,Hawaii,05372,-46.639692,-27.4088755
Tanner Villarreal,55,67696 Smith Shoal Suite 962,Port David,North Dakota,28285,-69.304992,-42.3319105
Julie Knight,40,58272 Warren Manor Suite 073,East Michael,Montana,38232,72.210865,88.259326
Jeremy Carson,30,111 Lucas Loaf,Lake Christopher,Wisconsin,83929,-178.453884,9.2048565
Diane Brown,62,96257 Daniel Way,Roberttown,Tennessee,10236,-173.414702,-19.3879695
Alan Mason,19,986 Jessica Station,New Catherinebury,Kentucky,76513,117.357990,25.1453045
Steven Payne,42,64212 Warren Path Suite 660,West Amberton,Missouri,09109,-82.632971,-6.2282975
William Page,27,539 Stephen Underpass Suite 900,New Justin,Colorado,06413,-170.346733,-72.001878
Rebecca Henry,38,36639 Edwards Trail,South Jennifer,Oklahoma,10765,108.798505,54.3163595
John Olson,31,3802 Andrea Knolls,Gregoryberg,Washington,84491,10.018822,-65.3268125
Linda Houston,23,77097 Jeffrey Harbors Suite 779,New Kimberly,North Carolina,17442,2.475180,-65.824701
Jennifer Miller,66,59391 Reese Squares Suite 809,Lisahaven,Texas,11478,22.716193,51.310545
Kimberly Berry,34,2146 Amber Center Apt. 138,Alexanderville,Louisiana,62985,-39.962137,-11.897252
David Thompson,43,317 Roberson Meadows,Burnsmouth,New Hampshire,28696,-54.957779,49.001849
Wesley Diaz,45,57663 Reilly Burg Apt. 988,Port Brendaton,Illinois,94104,165.846649,70.1821805
Patrick King,75,67091 Dorothy Lodge,Richardfort,New Jersey,55082,67.668383,-66.729087
Megan Parker,29,9847 Jesse Green,Port Shawntown,Oregon,31766,-56.213074,-63.2641675
Sierra Smith,18,055 Lynn Neck,New Lisaville,Michigan,76094,-12.415571,72.153841
Christopher Garrett,43,35074 King Garden Apt. 736,Lake Breannaborough,Arizona,77648,117.275758,-1.8733025
Deanna Bautista,76,010 Alejandro Crescent,Port Tanyaton,Indiana,15195,-149.204380,-41.7635175
Mark Reyes,53,7197 Schneider Shores Apt. 206,Ashleyburgh,Washington,92640,151.746616,61.510824
Tracy Morgan,42,99900 Cameron Spring,East Brittany,Wyoming,80770,-11.240937,-85.784882
Rachael Long,49,2433 Stephanie Coves Apt. 393,East Brittanymouth,Illinois,75001,174.020649,49.742554
Lisa Garcia,51,3434 Sanchez Course,Angelaville,New Hampshire,96058,-129.837572,-32.065061
Brittany Skinner,35,52207 Nichole Pines Apt. 724,East Gavin,New Jersey,88305,124.075231,-74.8298595
Steve Morales,47,7627 Chase Junctions Apt. 084,North Heatherland,South Dakota,75901,154.738390,23.647159
Jason Jackson,69,209 Robert Spring Apt. 809,Lake Nichole,Ohio,98479,23.247484,-76.697738
Janice Parrish,38,696 Smith Isle Suite 173,New Aprilstad,Minnesota,61084,41.607012,-77.6499275
Mark Lee,74,9980 Laura Isle,New Davidshire,Connecticut,69274,154.161717,-83.6739135
Amy Smith,65,19473 Morgan Plain,Boydberg,South Carolina,54946,179.614458,-42.6791395
Courtney Maxwell,73,2109 Kenneth Route,East Wayne,Oregon,33481,-64.060851,-62.835336
Katherine Garcia,56,88042 Mitchell Common Apt. 695,Port Troyfort,Arizona,86760,170.401158,11.4531435
Timothy Fitzgerald,44,450 Tina Lakes Suite 727,South Brendaberg,Wisconsin,67192,-26.648911,-15.246439
Carolyn Huerta,54,645 Velasquez Centers,Robinsonfurt,Missouri,25152,-96.397594,63.788465
Tasha Green,34,9777 Thomas Mountain Apt. 215,North Erikafort,New York,20135,74.497969,-0.161463
Stephen Thompson,26,62554 Jamie Overpass,Suzanneville,Pennsylvania,28694,-173.320014,83.825318
Barbara Nunez,67,380 Melvin Run,West Geoffrey,Delaware,12612,145.995366,-88.4331615
Brian Clements,28,15136 Tammie Squares Suite 007,Woodtown,Virginia,69728,-116.936425,10.232398
Wayne Bell,33,3271 Jacob Prairie Apt. 566,Lake Nancyland,North Dakota,11265,-84.291535,73.657174
Brandy James,21,86062 Steven Dam Suite 922,Courtneystad,South Dakota,83618,-87.548794,-77.473830
Cindy Baker,75,3093 Hubbard Ridge Suite 601,Pamelaside,Rhode Island,01277,134.013904,-6.7745415
Vicki Lewis,18,47038 Carter Park,East Anthonyberg,Texas,00861,145.962027,-19.604601
Rachel Ewing,37,3474 Jose Path Apt. 778,West Debbieberg,Oklahoma,02275,165.967574,-50.9453685
Angelica Robles,74,2661 Kathy Keys Apt. 453,Smithmouth,Kentucky,71793,9.269321,62.6369385
Frederick Mendez,58,56680 Shaw Lodge,North Stephaniestad,Georgia,20162,-172.885990,5.7308305
Casey Huerta,78,9867 Kelly Gateway Suite 087,East Harryhaven,Tennessee,40480,-2.979140,31.2179465
Samantha Stewart,23,36540 Velez Island,North Erikamouth,Missouri,01563,-101.643568,-17.420299
Michelle Green,77,94135 Miller Shores Suite 012,Estesfort,Alabama,24182,98.559854,76.0836915
Andrew Tran,79,120 Christopher Shores Suite 682,Millerchester,California,97105,126.996977,-55.973580
Jeff Campbell,24,845 Victoria Summit,Lake Vincentville,Illinois,85527,88.290458,-18.114439
Andrew Reyes,52,1317 Brooks Mountain,New Aprilburgh,Illinois,04175,-105.250784,-44.734438
Jeremy Wells,68,8950 Sparks Lights,Erinburgh,North Dakota,86304,111.835223,1.991803
Corey Hansen,47,5292 Bender Union Apt. 643,East Jeffrey,Mississippi,74081,24.789056,13.4578625
Victoria Griffin,77,04370 Smith Overpass,West Sandra,Delaware,37672,-21.978470,80.1844815
Johnny Gomez,78,597 Ariana Keys Suite 305,Jessicashire,Virginia,38874,-60.694307,-58.781472
Thomas Jones,39,65719 Andrew Courts,Stevefurt,Nebraska,94844,-53.794734,28.262068
Tamara Martinez DVM,58,2130 Justin Glen,East Timothyport,Iowa,34547,-77.403599,51.3620155
Amy Anderson,51,804 Philip Extensions Apt. 990,East Lawrencestad,Nebraska,98321,-47.201023,50.0062995
Cynthia Combs,22,5137 Timothy Gardens,West Gregory,Pennsylvania,80131,153.025102,65.9805425
Nicholas Baker,73,03575 Randy Viaduct Suite 163,East Cynthia,Georgia,94681,74.601306,1.836367
Colleen House,26,21671 Lauren Ville,New Melanieberg,Rhode Island,53459,-80.779498,-36.276386
Crystal Miller,70,5318 Collins Inlet,Gillbury,Pennsylvania,31669,45.168240,-3.8739225
Anthony Moore,79,4318 Miller Flats,New Vicki,Washington,71320,-88.389042,89.4522485
Amanda Jones,46,7488 Wright Branch,New Susantown,Pennsylvania,89004,123.898697,-53.6106955
Catherine Mcdonald,38,885 Annette Unions,Lake Jared,Florida,96565,-99.879937,-81.929563
Robert Ward,29,08531 Derek Park Suite 470,Kevinbury,South Dakota,65487,-119.840757,-7.631173
Kelly Nguyen,72,1895 Sanchez Lakes Suite 685,Millerhaven,Connecticut,70011,117.980903,-85.9187015
William Clark,38,15981 Erin Shoals Suite 629,Graceside,Maine,03973,162.845642,57.861440
Joseph Blackwell,51,626 Higgins Expressway Suite 668,Andersonchester,Mississippi,92888,102.142947,41.824842
Jessica Simmons,31,99077 Mccarty Mews,Port Michaelstad,Oklahoma,83416,-24.879561,-63.915718
Angela Fischer,55,925 Cory Hill Suite 520,Reeseburgh,California,22846,47.046615,51.188482
Nathan Johnson,63,145 Kimberly Field Apt. 899,West Adrianhaven,New York,49923,98.382713,-14.296236
Brianna Torres,49,69342 Kelly Keys,North Kathrynfort,Florida,30152,-108.950805,16.6962305
Keith Brown,80,4361 Soto Burg,South Jessicabury,Michigan,48508,-95.421526,-17.690447
Mark Haney,27,014 Amanda Forges,Lake Richard,Nebraska,63780,-86.058806,77.7749935
Christine Harris,47,967 Jackson Throughway,North Scott,Missouri,84815,117.719138,16.2277225
Amber Carpenter,26,7939 Patrick Crest,Matthewville,New Jersey,76868,90.450197,64.9189385
Bryan Wilson,75,614 Nancy Fort Suite 071,Port Jessicafurt,Illinois,85244,82.486466,35.947923
Valerie Stanley,53,1087 Marshall Crest Suite 940,New Samuelmouth,Ohio,73682,-19.502560,1.7263465
Johnathan Bowen,45,8498 Kimberly Meadow Suite 420,Doylestad,Mississippi,19458,-104.327513,47.619059
Megan Bennett,34,259 Autumn Streets Apt. 731,Raymondmouth,Wisconsin,28070,175.498927,45.090749
William Howard,56,67354 Eric Stravenue Apt. 854,Melissamouth,North Carolina,22949,-128.416421,71.7981365
Michael Thomas,31,96211 Gray Hill Suite 583,New Jose,Michigan,11757,40.900694,71.552213
Susan Erickson,45,838 Marcus Inlet,Port Victor,Pennsylvania,60922,94.767535,-83.253909
Elizabeth Alvarez,26,546 Carlos Forge,Barnesfort,South Carolina,72638,90.019831,-81.877650
Joseph Willis,62,43538 John Road,Julianton,Florida,12083,9.503897,11.5121215
James Gill,42,76471 Lisa Rapid Suite 313,Howardchester,Washington,68918,168.981516,-86.946699
Joseph Caldwell,57,8978 Weeks Mall Apt. 749,Port Michelle,Wyoming,85519,81.225721,-11.9907435
Jesse Marquez,46,399 Miller Manor Suite 639,East Tinashire,Connecticut,70614,85.146107,-38.8125995
John Martin,57,90050 Cohen Valleys,New Brittany,Minnesota,16038,-138.172076,-85.082746
Taylor French,21,879 Friedman Gateway Apt. 426,Rodriguezside,Tennessee,62810,30.753489,53.698613
Sheryl Swanson,67,752 Meredith Pine Apt. 726,Schwartzville,New Jersey,04917,142.843976,-89.8421855
Craig Castro,46,430 Turner Junctions,South Crystal,Hawaii,96079,-135.135773,-15.4920635
Michael Parker,67,0620 Patrick Plaza Apt. 405,Port Russell,Florida,13687,-126.243369,79.8999385
Cassie Foster,20,94175 Snyder Ways Apt. 590,North Erin,Georgia,61366,141.915627,-71.189367
Renee Phillips,47,1966 Jennifer Mews Apt. 728,Rosalesstad,Arizona,59151,62.360138,71.0769965
Danny Santos,77,67648 Sandra Mission Apt. 436,Ramirezburgh,Ohio,84329,-5.109696,-42.4168225
Paul Collins,74,136 Watkins Mount,South Marie,Hawaii,57883,149.515001,-46.542682
Stacie Vasquez,61,66552 Berger Streets,Mcgeehaven,Arizona,90828,-124.773924,-74.5358785
Amanda Carr,75,541 Candice Trail Apt. 505,Catherineburgh,South Dakota,08580,38.866081,-46.733070
Todd Nielsen,24,96075 Rachel Summit Suite 640,North Marc,Arizona,87904,89.733747,-61.121303
Amanda Griffin,55,173 Hodges Ports,East Amanda,Pennsylvania,74087,84.871089,-5.5167225
Elizabeth Reeves,67,132 Phillip Glens Suite 539,Jodichester,Ohio,32987,87.168992,47.462734
Mrs. Wendy Adams,49,083 Henry Fort,Jessicaville,Kansas,00814,112.764651,22.6270795
Terry Roberts,45,36227 John Drives,Hernandezview,South Dakota,63297,147.938870,-68.2388415
Sandra Knight,38,955 Amanda Island Apt. 310,Jasonside,Nevada,57820,-59.872826,-58.7796165
Tanner Lambert,49,967 Moyer Ridges,Ryanport,Kentucky,81273,-98.747124,-0.807283
Anita Costa,44,92772 Julia Skyway Apt. 520,West Nicole,West Virginia,19337,87.839097,-24.5266505
Margaret Shepherd,77,3105 Mcdaniel Trace Suite 168,Caitlinhaven,Utah,88504,-86.317995,-48.055965
Robert Collier,65,8582 Whitney Divide,Schwartzberg,Montana,46486,174.733487,9.2160205
Jason Gomez,65,835 Walker Stravenue Apt. 298,Lake Laura,Wisconsin,80288,149.792111,84.710813
Katie Sutton,62,661 Daniels Estates Apt. 389,Josebury,New Jersey,87643,158.257665,-17.921422
Christopher Henderson Jr.,20,664 Mcfarland Grove,Leonardton,Georgia,26299,-70.836367,-40.6821175
Tara Diaz,51,04703 Daniel Plain Apt. 464,Armstrongshire,South Carolina,12956,123.362831,6.2549335
Gregory Olson,47,51587 Scott Ferry Apt. 657,Smithport,Delaware,36419,74.963713,64.9808995
Mary Ross,24,7433 Tracey Lane Apt. 632,Santiagoport,Utah,31897,-77.878692,-29.169671
Tracy Smith,34,223 Amanda Ridges Apt. 792,West Cory,North Dakota,04346,-89.591349,-34.7646095
Robert Horne,25,019 Lindsey Mission Suite 496,West Peggyside,Georgia,20642,-35.706246,1.8956295
Maria Smith,53,8572 Kenneth Garden Apt. 707,West James,Illinois,37873,-102.058220,63.100581
Daniel Turner,64,3743 Todd Cliff Apt. 861,Shaunberg,Tennessee,63365,-111.424380,-13.293393
Brian Martin,42,398 Maureen Landing Suite 395,Kevinburgh,Arkansas,60970,-86.292319,37.0699775
Annette Vang,37,78083 Steven Overpass,Lake James,Maryland,51413,104.491925,31.2633025
Robert Alexander,75,1965 Gallagher Passage,Colleenberg,Minnesota,45987,46.131114,-43.5874475
Andrew Miller,51,644 John Club,Garrettville,New Jersey,30325,4.093659,43.327823
Christopher Cook,74,6128 Farmer Pine,Johnville,Hawaii,35630,14.610512,-40.7583985
Marie Hughes,21,686 Kristen Vista,Barnesport,Nevada,66307,-121.623885,63.1179685
Mary Schultz,69,0551 Jones Flats,Port Henry,Alabama,70684,138.163033,17.3560515
Ethan Ross,33,359 Anderson Cape,New Laura,Mississippi,91024,-166.447459,-13.396027
Oscar Lawson,69,2359 Courtney Mountains,Toddburgh,Texas,47497,100.284690,81.193488
Emma Jackson,79,8541 James Manors,East Gregorymouth,Minnesota,75194,61.249195,24.8379265
Abigail Shelton,51,32921 Jennifer Island Suite 577,Shafferchester,Arizona,95681,40.341950,-9.7055095
Catherine Nelson,58,571 Haley Parks,East Kelseytown,Hawaii,16817,-7.985211,14.295617
Monica Hayes,21,9850 Smith Inlet Apt. 999,Jacquelineland,Tennessee,23582,-133.590646,-34.6293625
Michael Mcknight,76,0432 Rivas Extensions Apt. 128,North Timothyside,Colorado,95309,102.611677,54.463377
Roy Bell,44,053 Mcclure Cove Apt. 995,Lake Emily,Minnesota,70904,-19.001594,56.296306
Russell Willis,67,8659 Richard Underpass,North April,Louisiana,49998,74.277675,-20.310388
Benjamin Norman,50,99427 David Lodge Apt. 694,Andrewmouth,Minnesota,60610,-115.868415,-31.0184735
Stephen Obrien,60,8819 Barton Curve Suite 790,South Wayne,Maine,29403,-52.820081,-57.6295295
Joyce Tucker,28,515 Carrie Village Apt. 994,West Jennifertown,West Virginia,80793,111.759300,3.722372
Craig Bishop,38,6658 Deborah Extensions,Conwaymouth,Delaware,09862,-168.614517,-32.0383855
Aaron Huynh,44,4340 Norman Manors,North Patrickberg,Hawaii,61248,-42.993216,-21.033466
Michael Riley,46,37533 Jeanne Key,South Christinechester,New York,01968,-56.909195,87.359306
Laura Meyer,18,9201 Hudson Course,Ericshire,Vermont,45167,155.759090,7.037343
Donna Livingston,67,50812 Kendra Passage Apt. 609,North Gabriella,Connecticut,05222,24.175032,-86.8474045
Stephanie Ray,33,483 Frank Inlet,Davidville,New Mexico,27197,-60.527119,36.1980445
John Holt,71,170 William Field Suite 262,East Jeffery,Maryland,85664,60.084018,30.830488
Taylor Gross,24,0714 Thomas Ridge,West Chadfurt,Massachusetts,10183,41.245101,-80.5382855
Kurt Ruiz,33,63495 Martin Fields Apt. 115,Lake Diane,Utah,45375,36.795169,-15.9841725
Bill Stuart,24,9321 Nathan Cliffs,North Christophermouth,Rhode Island,53475,53.121042,25.2863065
Mark Evans,27,8018 Maria Crescent,Knoxmouth,Alaska,83598,139.243996,-50.4624145
Garrett Andersen,65,5159 Michael Brook Apt. 052,South Jackson,Michigan,04536,146.396958,-50.303863
James Williams,79,816 Williams Station,West Andrewport,Massachusetts,42729,162.965312,57.966381
Charles Moore,37,5340 Heather Union,Brooksside,Kansas,12168,8.607090,-13.616117
Julie Holder,19,108 Henderson Motorway,South Sarah,Illinois,98863,178.791535,-5.173482
Charlene Rose,27,17373 Ryan Creek,Dunlapberg,Montana,05442,54.924164,59.0723125
Taylor Perez,63,83583 Rachel Spring,South Chrisport,Tennessee,20195,173.294311,-25.0748075
Whitney Miller,73,40830 Jessica Fall Apt. 713,South Michaelview,West Virginia,67710,-148.114800,-43.6459915
Peter Hays,25,82553 Villegas Forks Apt. 941,North John,Washington,73815,51.542552,-34.3377605
Jason Robinson,80,1796 Amanda Mountain Suite 819,North Kimberly,Pennsylvania,97916,70.991704,-24.583163
Julian Green,69,193 Justin Fort,Kimshire,Alabama,56082,-128.606915,55.699412
Ricky Murphy,77,565 Anderson Mills,Brooksmouth,New Jersey,46951,148.008855,-29.481240
Terry Mcdonald,73,9714 Christopher Highway Suite 524,Frankborough,South Carolina,26446,63.743535,41.561587
Tracy Lee,62,8678 Thomas Manor Apt. 856,New Elizabethstad,Arkansas,25769,-89.148905,35.344848
Cynthia Spencer,62,3899 Grace Drive Apt. 462,West Ericafurt,Alaska,48985,92.062495,63.0184965
Kimberly Harris,22,506 Lynn Neck,Riveraland,Nebraska,68656,-86.014359,40.923342
